file,line,type,commit,author,date,time,timezone,datetime,depth,length
style.css,1,css,bce1762f,Cheng-I-Lin,2025-10-04,16:00:07,-07:00,2025-10-04T16:00:07-07:00,0,5
style.css,2,css,00000000,Not Committed Yet,2025-11-02,21:49:53,-08:00,2025-11-02T21:49:53-08:00,1,35
style.css,3,css,00000000,Not Committed Yet,2025-11-02,21:49:53,-08:00,2025-11-02T21:49:53-08:00,1,39
style.css,4,css,00000000,Not Committed Yet,2025-11-02,21:49:53,-08:00,2025-11-02T21:49:53-08:00,1,23
style.css,5,css,bce1762f,Cheng-I-Lin,2025-10-04,16:00:07,-07:00,2025-10-04T16:00:07-07:00,0,0
style.css,6,css,bce1762f,Cheng-I-Lin,2025-10-04,16:00:07,-07:00,2025-10-04T16:00:07-07:00,0,0
style.css,7,css,2fc7ab54,Cheng-I-Lin,2025-09-28,17:15:40,-07:00,2025-09-28T17:15:40-07:00,0,4
style.css,8,css,00000000,Not Committed Yet,2025-11-02,21:49:53,-08:00,2025-11-02T21:49:53-08:00,1,43
style.css,9,css,2fc7ab54,Cheng-I-Lin,2025-09-28,17:15:40,-07:00,2025-09-28T17:15:40-07:00,4,42
style.css,10,css,2fc7ab54,Cheng-I-Lin,2025-09-28,17:15:40,-07:00,2025-09-28T17:15:40-07:00,3,0
style.css,11,css,00000000,Not Committed Yet,2025-11-02,21:49:53,-08:00,2025-11-02T21:49:53-08:00,1,23
style.css,12,css,00000000,Not Committed Yet,2025-11-02,21:49:53,-08:00,2025-11-02T21:49:53-08:00,1,15
style.css,13,css,00000000,Not Committed Yet,2025-11-02,21:49:53,-08:00,2025-11-02T21:49:53-08:00,1,18
style.css,14,css,00000000,Not Committed Yet,2025-11-02,21:49:53,-08:00,2025-11-02T21:49:53-08:00,1,11
style.css,15,css,00000000,Not Committed Yet,2025-11-02,21:49:53,-08:00,2025-11-02T21:49:53-08:00,1,32
style.css,16,css,00000000,Not Committed Yet,2025-11-02,21:49:53,-08:00,2025-11-02T21:49:53-08:00,0,0
style.css,17,css,0c7dd1c8,Cheng-I-Lin,2025-10-04,15:27:21,-07:00,2025-10-04T15:27:21-07:00,0,0
style.css,18,css,0c7dd1c8,Cheng-I-Lin,2025-10-04,15:27:21,-07:00,2025-10-04T15:27:21-07:00,0,3
style.css,19,css,00000000,Not Committed Yet,2025-11-02,21:49:53,-08:00,2025-11-02T21:49:53-08:00,1,12
style.css,20,css,00000000,Not Committed Yet,2025-11-02,21:49:53,-08:00,2025-11-02T21:49:53-08:00,1,17
style.css,21,css,00000000,Not Committed Yet,2025-11-02,21:49:53,-08:00,2025-11-02T21:49:53-08:00,1,43
style.css,22,css,0c7dd1c8,Cheng-I-Lin,2025-10-04,15:27:21,-07:00,2025-10-04T15:27:21-07:00,0,0
style.css,23,css,0c7dd1c8,Cheng-I-Lin,2025-10-04,15:27:21,-07:00,2025-10-04T15:27:21-07:00,0,0
style.css,24,css,0c7dd1c8,Cheng-I-Lin,2025-10-04,15:27:21,-07:00,2025-10-04T15:27:21-07:00,0,5
style.css,25,css,00000000,Not Committed Yet,2025-11-02,21:49:53,-08:00,2025-11-02T21:49:53-08:00,1,6
style.css,26,css,00000000,Not Committed Yet,2025-11-02,21:49:53,-08:00,2025-11-02T21:49:53-08:00,1,20
style.css,27,css,00000000,Not Committed Yet,2025-11-02,21:49:53,-08:00,2025-11-02T21:49:53-08:00,1,13
style.css,28,css,00000000,Not Committed Yet,2025-11-02,21:49:53,-08:00,2025-11-02T21:49:53-08:00,1,17
style.css,29,css,00000000,Not Committed Yet,2025-11-02,21:49:53,-08:00,2025-11-02T21:49:53-08:00,1,13
style.css,30,css,bce1762f,Cheng-I-Lin,2025-10-04,16:00:07,-07:00,2025-10-04T16:00:07-07:00,0,0
style.css,31,css,bce1762f,Cheng-I-Lin,2025-10-04,16:00:07,-07:00,2025-10-04T16:00:07-07:00,0,0
style.css,32,css,00000000,Not Committed Yet,2025-11-02,21:49:53,-08:00,2025-11-02T21:49:53-08:00,0,11
style.css,33,css,00000000,Not Committed Yet,2025-11-02,21:49:53,-08:00,2025-11-02T21:49:53-08:00,1,45
style.css,34,css,00000000,Not Committed Yet,2025-11-02,21:49:53,-08:00,2025-11-02T21:49:53-08:00,1,69
style.css,35,css,00000000,Not Committed Yet,2025-11-02,21:49:53,-08:00,2025-11-02T21:49:53-08:00,1,20
style.css,36,css,82a1d920,Cheng-I-Lin,2025-10-04,15:37:15,-07:00,2025-10-04T15:37:15-07:00,0,0
style.css,37,css,82a1d920,Cheng-I-Lin,2025-10-04,15:37:15,-07:00,2025-10-04T15:37:15-07:00,0,0
style.css,38,css,82a1d920,Cheng-I-Lin,2025-10-04,15:37:15,-07:00,2025-10-04T15:37:15-07:00,0,8
style.css,39,css,00000000,Not Committed Yet,2025-11-02,21:49:53,-08:00,2025-11-02T21:49:53-08:00,1,43
style.css,40,css,00000000,Not Committed Yet,2025-11-02,21:49:53,-08:00,2025-11-02T21:49:53-08:00,1,20
style.css,41,css,00000000,Not Committed Yet,2025-11-02,21:49:53,-08:00,2025-11-02T21:49:53-08:00,1,16
style.css,42,css,c873596a,Cheng-I-Lin,2025-10-04,16:46:59,-07:00,2025-10-04T16:46:59-07:00,0,0
style.css,43,css,c873596a,Cheng-I-Lin,2025-10-04,16:46:59,-07:00,2025-10-04T16:46:59-07:00,0,0
style.css,44,css,87931186,Cheng-I-Lin,2025-10-04,17:25:20,-07:00,2025-10-04T17:25:20-07:00,0,23
style.css,45,css,87931186,Cheng-I-Lin,2025-10-04,17:25:20,-07:00,2025-10-04T17:25:20-07:00,0,0
style.css,46,css,c873596a,Cheng-I-Lin,2025-10-04,16:46:59,-07:00,2025-10-04T16:46:59-07:00,0,10
style.css,47,css,c873596a,Cheng-I-Lin,2025-10-04,16:46:59,-07:00,2025-10-04T16:46:59-07:00,2,13
style.css,48,css,c873596a,Cheng-I-Lin,2025-10-04,16:46:59,-07:00,2025-10-04T16:46:59-07:00,2,19
style.css,49,css,c873596a,Cheng-I-Lin,2025-10-04,16:46:59,-07:00,2025-10-04T16:46:59-07:00,0,0
style.css,50,css,c873596a,Cheng-I-Lin,2025-10-04,16:46:59,-07:00,2025-10-04T16:46:59-07:00,0,0
style.css,51,css,c873596a,Cheng-I-Lin,2025-10-04,16:46:59,-07:00,2025-10-04T16:46:59-07:00,0,26
style.css,52,css,c873596a,Cheng-I-Lin,2025-10-04,16:46:59,-07:00,2025-10-04T16:46:59-07:00,2,13
style.css,53,css,c873596a,Cheng-I-Lin,2025-10-04,16:46:59,-07:00,2025-10-04T16:46:59-07:00,2,12
style.css,54,css,c873596a,Cheng-I-Lin,2025-10-04,16:46:59,-07:00,2025-10-04T16:46:59-07:00,2,10
style.css,55,css,c873596a,Cheng-I-Lin,2025-10-04,16:46:59,-07:00,2025-10-04T16:46:59-07:00,2,21
style.css,56,css,87931186,Cheng-I-Lin,2025-10-04,17:25:20,-07:00,2025-10-04T17:25:20-07:00,0,2
style.css,57,css,87931186,Cheng-I-Lin,2025-10-04,17:25:20,-07:00,2025-10-04T17:25:20-07:00,0,0
style.css,58,css,87931186,Cheng-I-Lin,2025-10-04,17:25:20,-07:00,2025-10-04T17:25:20-07:00,0,4
style.css,59,css,00000000,Not Committed Yet,2025-11-02,21:49:53,-08:00,2025-11-02T21:49:53-08:00,1,12
style.css,60,css,00000000,Not Committed Yet,2025-11-02,21:49:53,-08:00,2025-11-02T21:49:53-08:00,1,30
style.css,61,css,00000000,Not Committed Yet,2025-11-02,21:49:53,-08:00,2025-11-02T21:49:53-08:00,1,7
style.css,62,css,87931186,Cheng-I-Lin,2025-10-04,17:25:20,-07:00,2025-10-04T17:25:20-07:00,0,0
style.css,63,css,87931186,Cheng-I-Lin,2025-10-04,17:25:20,-07:00,2025-10-04T17:25:20-07:00,0,0
style.css,64,css,00000000,Not Committed Yet,2025-11-02,21:49:53,-08:00,2025-11-02T21:49:53-08:00,0,9
style.css,65,css,00000000,Not Committed Yet,2025-11-02,21:49:53,-08:00,2025-11-02T21:49:53-08:00,0,7
style.css,66,css,00000000,Not Committed Yet,2025-11-02,21:49:53,-08:00,2025-11-02T21:49:53-08:00,0,5
style.css,67,css,00000000,Not Committed Yet,2025-11-02,21:49:53,-08:00,2025-11-02T21:49:53-08:00,0,6
style.css,68,css,00000000,Not Committed Yet,2025-11-02,21:49:53,-08:00,2025-11-02T21:49:53-08:00,1,12
style.css,69,css,87931186,Cheng-I-Lin,2025-10-04,17:25:20,-07:00,2025-10-04T17:25:20-07:00,0,0
style.css,70,css,87931186,Cheng-I-Lin,2025-10-04,17:25:20,-07:00,2025-10-04T17:25:20-07:00,0,0
style.css,71,css,87931186,Cheng-I-Lin,2025-10-04,17:25:20,-07:00,2025-10-04T17:25:20-07:00,0,10
style.css,72,css,00000000,Not Committed Yet,2025-11-02,21:49:53,-08:00,2025-11-02T21:49:53-08:00,1,12
style.css,73,css,00000000,Not Committed Yet,2025-11-02,21:49:53,-08:00,2025-11-02T21:49:53-08:00,1,29
style.css,74,css,00000000,Not Committed Yet,2025-11-02,21:49:53,-08:00,2025-11-02T21:49:53-08:00,1,18
style.css,75,css,87931186,Cheng-I-Lin,2025-10-04,17:25:20,-07:00,2025-10-04T17:25:20-07:00,0,0
style.css,76,css,87931186,Cheng-I-Lin,2025-10-04,17:25:20,-07:00,2025-10-04T17:25:20-07:00,0,0
style.css,77,css,87931186,Cheng-I-Lin,2025-10-04,17:25:20,-07:00,2025-10-04T17:25:20-07:00,0,11
style.css,78,css,00000000,Not Committed Yet,2025-11-02,21:49:53,-08:00,2025-11-02T21:49:53-08:00,1,18
style.css,79,css,eacffb4c,Cheng-I-Lin,2025-10-04,19:53:44,-07:00,2025-10-04T19:53:44-07:00,0,0
style.css,80,css,eacffb4c,Cheng-I-Lin,2025-10-04,19:53:44,-07:00,2025-10-04T19:53:44-07:00,0,0
style.css,81,css,eacffb4c,Cheng-I-Lin,2025-10-04,19:53:44,-07:00,2025-10-04T19:53:44-07:00,0,9
style.css,82,css,00000000,Not Committed Yet,2025-11-02,21:49:53,-08:00,2025-11-02T21:49:53-08:00,1,12
style.css,83,css,00000000,Not Committed Yet,2025-11-02,21:49:53,-08:00,2025-11-02T21:49:53-08:00,1,58
style.css,84,css,00000000,Not Committed Yet,2025-11-02,21:49:53,-08:00,2025-11-02T21:49:53-08:00,1,7
style.css,85,css,332e945f,Cheng-I-Lin,2025-10-04,20:24:33,-07:00,2025-10-04T20:24:33-07:00,0,0
style.css,86,css,332e945f,Cheng-I-Lin,2025-10-04,20:24:33,-07:00,2025-10-04T20:24:33-07:00,0,0
style.css,87,css,332e945f,Cheng-I-Lin,2025-10-04,20:24:33,-07:00,2025-10-04T20:24:33-07:00,0,17
style.css,88,css,00000000,Not Committed Yet,2025-11-02,21:49:53,-08:00,2025-11-02T21:49:53-08:00,1,12
style.css,89,css,00000000,Not Committed Yet,2025-11-02,21:49:53,-08:00,2025-11-02T21:49:53-08:00,1,26
style.css,90,css,00000000,Not Committed Yet,2025-11-02,21:49:53,-08:00,2025-11-02T21:49:53-08:00,1,15
style.css,91,css,00000000,Not Committed Yet,2025-11-02,21:49:53,-08:00,2025-11-02T21:49:53-08:00,1,7
style.css,92,css,332e945f,Cheng-I-Lin,2025-10-04,20:24:33,-07:00,2025-10-04T20:24:33-07:00,0,0
style.css,93,css,332e945f,Cheng-I-Lin,2025-10-04,20:24:33,-07:00,2025-10-04T20:24:33-07:00,0,0
style.css,94,css,00000000,Not Committed Yet,2025-11-02,21:49:53,-08:00,2025-11-02T21:49:53-08:00,0,12
style.css,95,css,00000000,Not Committed Yet,2025-11-02,21:49:53,-08:00,2025-11-02T21:49:53-08:00,1,8
style.css,96,css,332e945f,Cheng-I-Lin,2025-10-04,20:24:33,-07:00,2025-10-04T20:24:33-07:00,0,0
style.css,97,css,332e945f,Cheng-I-Lin,2025-10-04,20:24:33,-07:00,2025-10-04T20:24:33-07:00,0,0
style.css,98,css,00000000,Not Committed Yet,2025-11-02,21:49:53,-08:00,2025-11-02T21:49:53-08:00,0,1
style.css,99,css,00000000,Not Committed Yet,2025-11-02,21:49:53,-08:00,2025-11-02T21:49:53-08:00,0,1
style.css,100,css,00000000,Not Committed Yet,2025-11-02,21:49:53,-08:00,2025-11-02T21:49:53-08:00,0,1
style.css,101,css,00000000,Not Committed Yet,2025-11-02,21:49:53,-08:00,2025-11-02T21:49:53-08:00,0,1
style.css,102,css,00000000,Not Committed Yet,2025-11-02,21:49:53,-08:00,2025-11-02T21:49:53-08:00,0,1
style.css,103,css,00000000,Not Committed Yet,2025-11-02,21:49:53,-08:00,2025-11-02T21:49:53-08:00,0,2
style.css,104,css,00000000,Not Committed Yet,2025-11-02,21:49:53,-08:00,2025-11-02T21:49:53-08:00,1,15
style.css,105,css,00000000,Not Committed Yet,2025-11-02,21:49:53,-08:00,2025-11-02T21:49:53-08:00,1,17
style.css,106,css,cd84bd6e,Cheng-I-Lin,2025-10-08,15:14:45,-07:00,2025-10-08T15:14:45-07:00,0,0
style.css,107,css,cd84bd6e,Cheng-I-Lin,2025-10-08,15:14:45,-07:00,2025-10-08T15:14:45-07:00,0,0
style.css,108,css,cd84bd6e,Cheng-I-Lin,2025-10-08,15:14:45,-07:00,2025-10-08T15:14:45-07:00,0,22
style.css,109,css,cd84bd6e,Cheng-I-Lin,2025-10-08,15:14:45,-07:00,2025-10-08T15:14:45-07:00,0,7
style.css,110,css,00000000,Not Committed Yet,2025-11-02,21:49:53,-08:00,2025-11-02T21:49:53-08:00,1,12
style.css,111,css,00000000,Not Committed Yet,2025-11-02,21:49:53,-08:00,2025-11-02T21:49:53-08:00,1,29
style.css,112,css,00000000,Not Committed Yet,2025-11-02,21:49:53,-08:00,2025-11-02T21:49:53-08:00,1,7
style.css,113,css,cd84bd6e,Cheng-I-Lin,2025-10-08,15:14:45,-07:00,2025-10-08T15:14:45-07:00,0,0
style.css,114,css,00000000,Not Committed Yet,2025-11-02,21:49:53,-08:00,2025-11-02T21:49:53-08:00,1,13
style.css,115,css,00000000,Not Committed Yet,2025-11-02,21:49:53,-08:00,2025-11-02T21:49:53-08:00,2,12
style.css,116,css,00000000,Not Committed Yet,2025-11-02,21:49:53,-08:00,2025-11-02T21:49:53-08:00,2,21
style.css,117,css,00000000,Not Committed Yet,2025-11-02,21:49:53,-08:00,2025-11-02T21:49:53-08:00,2,42
style.css,118,css,00000000,Not Committed Yet,2025-11-02,21:49:53,-08:00,2025-11-02T21:49:53-08:00,1,0
style.css,119,css,cd84bd6e,Cheng-I-Lin,2025-10-08,15:14:45,-07:00,2025-10-08T15:14:45-07:00,0,0
style.css,120,css,00000000,Not Committed Yet,2025-11-02,21:49:53,-08:00,2025-11-02T21:49:53-08:00,1,11
style.css,121,css,00000000,Not Committed Yet,2025-11-02,21:49:53,-08:00,2025-11-02T21:49:53-08:00,2,12
style.css,122,css,00000000,Not Committed Yet,2025-11-02,21:49:53,-08:00,2025-11-02T21:49:53-08:00,2,21
style.css,123,css,00000000,Not Committed Yet,2025-11-02,21:49:53,-08:00,2025-11-02T21:49:53-08:00,1,0
style.css,124,css,4915c6f2,Cheng-I-Lin,2025-10-08,15:40:54,-07:00,2025-10-08T15:40:54-07:00,0,0
style.css,125,css,00000000,Not Committed Yet,2025-11-02,21:49:53,-08:00,2025-11-02T21:49:53-08:00,1,2
style.css,126,css,00000000,Not Committed Yet,2025-11-02,21:49:53,-08:00,2025-11-02T21:49:53-08:00,2,21
style.css,127,css,00000000,Not Committed Yet,2025-11-02,21:49:53,-08:00,2025-11-02T21:49:53-08:00,2,25
style.css,128,css,00000000,Not Committed Yet,2025-11-02,21:49:53,-08:00,2025-11-02T21:49:53-08:00,2,41
style.css,129,css,00000000,Not Committed Yet,2025-11-02,21:49:53,-08:00,2025-11-02T21:49:53-08:00,2,31
style.css,130,css,00000000,Not Committed Yet,2025-11-02,21:49:53,-08:00,2025-11-02T21:49:53-08:00,2,28
style.css,131,css,00000000,Not Committed Yet,2025-11-02,21:49:53,-08:00,2025-11-02T21:49:53-08:00,1,0
style.css,132,css,cd84bd6e,Cheng-I-Lin,2025-10-08,15:14:45,-07:00,2025-10-08T15:14:45-07:00,0,0
style.css,133,css,cd84bd6e,Cheng-I-Lin,2025-10-08,15:14:45,-07:00,2025-10-08T15:14:45-07:00,0,0
style.css,134,css,cd84bd6e,Cheng-I-Lin,2025-10-08,15:14:45,-07:00,2025-10-08T15:14:45-07:00,0,1
style.css,135,css,00000000,Not Committed Yet,2025-11-02,21:49:53,-08:00,2025-11-02T21:49:53-08:00,1,17
style.css,136,css,096a9c1b,Cheng-I-Lin,2025-10-11,19:44:22,-07:00,2025-10-11T19:44:22-07:00,0,0
style.css,137,css,096a9c1b,Cheng-I-Lin,2025-10-11,19:44:22,-07:00,2025-10-11T19:44:22-07:00,0,0
style.css,138,css,096a9c1b,Cheng-I-Lin,2025-10-11,19:44:22,-07:00,2025-10-11T19:44:22-07:00,0,13
style.css,139,css,00000000,Not Committed Yet,2025-11-02,21:49:53,-08:00,2025-11-02T21:49:53-08:00,1,17
style.css,140,css,00000000,Not Committed Yet,2025-11-02,21:49:53,-08:00,2025-11-02T21:49:53-08:00,1,8
style.css,141,css,00000000,Not Committed Yet,2025-11-02,21:49:53,-08:00,2025-11-02T21:49:53-08:00,1,10
style.css,142,css,00000000,Not Committed Yet,2025-11-02,21:49:53,-08:00,2025-11-02T21:49:53-08:00,1,13
style.css,143,css,096a9c1b,Cheng-I-Lin,2025-10-11,19:44:22,-07:00,2025-10-11T19:44:22-07:00,0,0
style.css,144,css,096a9c1b,Cheng-I-Lin,2025-10-11,19:44:22,-07:00,2025-10-11T19:44:22-07:00,0,0
style.css,145,css,47304085,Cheng-I-Lin,2025-10-24,13:40:09,-07:00,2025-10-24T13:40:09-07:00,0,12
style.css,146,css,00000000,Not Committed Yet,2025-11-02,21:49:53,-08:00,2025-11-02T21:49:53-08:00,1,13
style.css,147,css,00000000,Not Committed Yet,2025-11-02,21:49:53,-08:00,2025-11-02T21:49:53-08:00,1,10
style.css,148,css,00000000,Not Committed Yet,2025-11-02,21:49:53,-08:00,2025-11-02T21:49:53-08:00,1,11
style.css,149,css,47304085,Cheng-I-Lin,2025-10-24,13:40:09,-07:00,2025-10-24T13:40:09-07:00,0,0
style.css,150,css,47304085,Cheng-I-Lin,2025-10-24,13:40:09,-07:00,2025-10-24T13:40:09-07:00,0,0
style.css,151,css,2f0b3e29,Cheng-I-Lin,2025-10-18,02:16:13,-07:00,2025-10-18T02:16:13-07:00,0,14
style.css,152,css,00000000,Not Committed Yet,2025-11-02,21:49:53,-08:00,2025-11-02T21:49:53-08:00,1,2
style.css,153,css,00000000,Not Committed Yet,2025-11-02,21:49:53,-08:00,2025-11-02T21:49:53-08:00,2,12
style.css,154,css,00000000,Not Committed Yet,2025-11-02,21:49:53,-08:00,2025-11-02T21:49:53-08:00,2,36
style.css,155,css,00000000,Not Committed Yet,2025-11-02,21:49:53,-08:00,2025-11-02T21:49:53-08:00,1,0
style.css,156,css,00000000,Not Committed Yet,2025-11-02,21:49:53,-08:00,2025-11-02T21:49:53-08:00,1,2
style.css,157,css,00000000,Not Committed Yet,2025-11-02,21:49:53,-08:00,2025-11-02T21:49:53-08:00,2,10
style.css,158,css,00000000,Not Committed Yet,2025-11-02,21:49:53,-08:00,2025-11-02T21:49:53-08:00,1,0
style.css,159,css,00000000,Not Committed Yet,2025-11-02,21:49:53,-08:00,2025-11-02T21:49:53-08:00,1,2
style.css,160,css,00000000,Not Committed Yet,2025-11-02,21:49:53,-08:00,2025-11-02T21:49:53-08:00,2,10
style.css,161,css,00000000,Not Committed Yet,2025-11-02,21:49:53,-08:00,2025-11-02T21:49:53-08:00,2,13
style.css,162,css,00000000,Not Committed Yet,2025-11-02,21:49:53,-08:00,2025-11-02T21:49:53-08:00,1,0
style.css,163,css,ac5b631d,Cheng-I-Lin,2025-10-26,08:41:18,-07:00,2025-10-26T08:41:18-07:00,0,0
style.css,164,css,ac5b631d,Cheng-I-Lin,2025-10-26,08:41:18,-07:00,2025-10-26T08:41:18-07:00,0,0
style.css,165,css,ac5b631d,Cheng-I-Lin,2025-10-26,08:41:18,-07:00,2025-10-26T08:41:18-07:00,0,5
style.css,166,css,00000000,Not Committed Yet,2025-11-02,21:49:53,-08:00,2025-11-02T21:49:53-08:00,1,23
style.css,167,css,00000000,Not Committed Yet,2025-11-02,21:49:53,-08:00,2025-11-02T21:49:53-08:00,1,34
style.css,168,css,00000000,Not Committed Yet,2025-11-02,21:49:53,-08:00,2025-11-02T21:49:53-08:00,1,16
style.css,169,css,ac5b631d,Cheng-I-Lin,2025-10-26,08:41:18,-07:00,2025-10-26T08:41:18-07:00,0,0
style.css,170,css,ac5b631d,Cheng-I-Lin,2025-10-26,08:41:18,-07:00,2025-10-26T08:41:18-07:00,0,0
style.css,171,css,ac5b631d,Cheng-I-Lin,2025-10-26,08:41:18,-07:00,2025-10-26T08:41:18-07:00,0,14
style.css,172,css,00000000,Not Committed Yet,2025-11-02,21:49:53,-08:00,2025-11-02T21:49:53-08:00,1,14
style.css,173,css,00000000,Not Committed Yet,2025-11-02,21:49:53,-08:00,2025-11-02T21:49:53-08:00,1,16
style.css,174,css,00000000,Not Committed Yet,2025-11-02,21:49:53,-08:00,2025-11-02T21:49:53-08:00,0,0
style.css,175,css,00000000,Not Committed Yet,2025-11-02,21:49:53,-08:00,2025-11-02T21:49:53-08:00,1,16
style.css,176,css,6d0df56d,Cheng-I-Lin,2025-10-26,21:13:15,-07:00,2025-10-26T21:13:15-07:00,0,0
style.css,177,css,6d0df56d,Cheng-I-Lin,2025-10-26,21:13:15,-07:00,2025-10-26T21:13:15-07:00,0,0
style.css,178,css,6d0df56d,Cheng-I-Lin,2025-10-26,21:13:15,-07:00,2025-10-26T21:13:15-07:00,0,7
style.css,179,css,00000000,Not Committed Yet,2025-11-02,21:49:53,-08:00,2025-11-02T21:49:53-08:00,1,12
style.css,180,css,00000000,Not Committed Yet,2025-11-02,21:49:53,-08:00,2025-11-02T21:49:53-08:00,1,57
style.css,181,css,00000000,Not Committed Yet,2025-11-02,21:49:53,-08:00,2025-11-02T21:49:53-08:00,1,38
style.css,182,css,00000000,Not Committed Yet,2025-11-02,21:49:53,-08:00,2025-11-02T21:49:53-08:00,1,11
style.css,183,css,00000000,Not Committed Yet,2025-11-02,21:49:53,-08:00,2025-11-02T21:49:53-08:00,1,6
style.css,184,css,00000000,Not Committed Yet,2025-11-02,21:49:53,-08:00,2025-11-02T21:49:53-08:00,1,7
style.css,185,css,6d0df56d,Cheng-I-Lin,2025-10-26,21:13:15,-07:00,2025-10-26T21:13:15-07:00,0,0
style.css,186,css,6d0df56d,Cheng-I-Lin,2025-10-26,21:13:15,-07:00,2025-10-26T21:13:15-07:00,0,0
style.css,187,css,6d0df56d,Cheng-I-Lin,2025-10-26,21:13:15,-07:00,2025-10-26T21:13:15-07:00,0,7
style.css,188,css,00000000,Not Committed Yet,2025-11-02,21:49:53,-08:00,2025-11-02T21:49:53-08:00,1,9
style.css,189,css,00000000,Not Committed Yet,2025-11-02,21:49:53,-08:00,2025-11-02T21:49:53-08:00,1,10
style.css,190,css,00000000,Not Committed Yet,2025-11-02,21:49:53,-08:00,2025-11-02T21:49:53-08:00,1,29
style.css,191,css,00000000,Not Committed Yet,2025-11-02,21:49:53,-08:00,2025-11-02T21:49:53-08:00,1,17
style.css,192,css,6d0df56d,Cheng-I-Lin,2025-10-26,21:13:15,-07:00,2025-10-26T21:13:15-07:00,0,0
style.css,193,css,6d0df56d,Cheng-I-Lin,2025-10-26,21:13:15,-07:00,2025-10-26T21:13:15-07:00,0,0
style.css,194,css,6d0df56d,Cheng-I-Lin,2025-10-26,21:13:15,-07:00,2025-10-26T21:13:15-07:00,0,13
style.css,195,css,00000000,Not Committed Yet,2025-11-02,21:49:53,-08:00,2025-11-02T21:49:53-08:00,1,12
style.css,196,css,00000000,Not Committed Yet,2025-11-02,21:49:53,-08:00,2025-11-02T21:49:53-08:00,1,18
style.css,197,css,00000000,Not Committed Yet,2025-11-02,21:49:53,-08:00,2025-11-02T21:49:53-08:00,1,9
style.css,198,css,6d0df56d,Cheng-I-Lin,2025-10-26,21:13:15,-07:00,2025-10-26T21:13:15-07:00,0,0
style.css,199,css,6d0df56d,Cheng-I-Lin,2025-10-26,21:13:15,-07:00,2025-10-26T21:13:15-07:00,0,0
style.css,200,css,6d0df56d,Cheng-I-Lin,2025-10-26,21:13:15,-07:00,2025-10-26T21:13:15-07:00,0,13
style.css,201,css,00000000,Not Committed Yet,2025-11-02,21:49:53,-08:00,2025-11-02T21:49:53-08:00,1,10
style.css,202,css,6d0df56d,Cheng-I-Lin,2025-10-26,21:13:15,-07:00,2025-10-26T21:13:15-07:00,0,0
style.css,203,css,6d0df56d,Cheng-I-Lin,2025-10-26,21:13:15,-07:00,2025-10-26T21:13:15-07:00,0,0
style.css,204,css,6d0df56d,Cheng-I-Lin,2025-10-26,21:13:15,-07:00,2025-10-26T21:13:15-07:00,0,10
style.css,205,css,00000000,Not Committed Yet,2025-11-02,21:49:53,-08:00,2025-11-02T21:49:53-08:00,1,12
style.css,206,css,00000000,Not Committed Yet,2025-11-02,21:49:53,-08:00,2025-11-02T21:49:53-08:00,1,18
style.css,207,css,00000000,Not Committed Yet,2025-11-02,21:49:53,-08:00,2025-11-02T21:49:53-08:00,1,7
style.css,208,css,2ba7cb94,Cheng-I-Lin,2025-10-26,22:21:29,-07:00,2025-10-26T22:21:29-07:00,0,0
style.css,209,css,2ba7cb94,Cheng-I-Lin,2025-10-26,22:21:29,-07:00,2025-10-26T22:21:29-07:00,0,0
style.css,210,css,2ba7cb94,Cheng-I-Lin,2025-10-26,22:21:29,-07:00,2025-10-26T22:21:29-07:00,0,10
style.css,211,css,00000000,Not Committed Yet,2025-11-02,21:49:53,-08:00,2025-11-02T21:49:53-08:00,1,13
style.css,212,css,00000000,Not Committed Yet,2025-11-02,21:49:53,-08:00,2025-11-02T21:49:53-08:00,1,10
style.css,213,css,00000000,Not Committed Yet,2025-11-02,21:49:53,-08:00,2025-11-02T21:49:53-08:00,1,17
style.css,214,css,00000000,Not Committed Yet,2025-11-02,21:49:53,-08:00,2025-11-02T21:49:53-08:00,1,16
style.css,215,css,00000000,Not Committed Yet,2025-11-02,21:49:53,-08:00,2025-11-02T21:49:53-08:00,1,13
style.css,216,css,bd5a26c1,Cheng-I-Lin,2025-10-27,21:05:13,-07:00,2025-10-27T21:05:13-07:00,0,0
style.css,217,css,bd5a26c1,Cheng-I-Lin,2025-10-27,21:05:13,-07:00,2025-10-27T21:05:13-07:00,0,0
style.css,218,css,bd5a26c1,Cheng-I-Lin,2025-10-27,21:05:13,-07:00,2025-10-27T21:05:13-07:00,0,17
style.css,219,css,00000000,Not Committed Yet,2025-11-02,21:49:53,-08:00,2025-11-02T21:49:53-08:00,1,16
style.css,220,css,00000000,Not Committed Yet,2025-11-02,21:49:53,-08:00,2025-11-02T21:49:53-08:00,2,11
style.css,221,css,00000000,Not Committed Yet,2025-11-02,21:49:53,-08:00,2025-11-02T21:49:53-08:00,1,0
style.css,222,css,bd5a26c1,Cheng-I-Lin,2025-10-27,21:05:13,-07:00,2025-10-27T21:05:13-07:00,0,0
style.css,223,css,bd5a26c1,Cheng-I-Lin,2025-10-27,21:05:13,-07:00,2025-10-27T21:05:13-07:00,0,4
style.css,224,css,00000000,Not Committed Yet,2025-11-02,21:49:53,-08:00,2025-11-02T21:49:53-08:00,1,16
style.css,225,css,00000000,Not Committed Yet,2025-11-02,21:49:53,-08:00,2025-11-02T21:49:53-08:00,1,14
style.css,226,css,bd5a26c1,Cheng-I-Lin,2025-10-27,21:05:13,-07:00,2025-10-27T21:05:13-07:00,0,0
style.css,227,css,bd5a26c1,Cheng-I-Lin,2025-10-27,21:05:13,-07:00,2025-10-27T21:05:13-07:00,0,0
style.css,228,css,bd5a26c1,Cheng-I-Lin,2025-10-27,21:05:13,-07:00,2025-10-27T21:05:13-07:00,0,9
style.css,229,css,00000000,Not Committed Yet,2025-11-02,21:49:53,-08:00,2025-11-02T21:49:53-08:00,1,35
style.css,230,css,00000000,Not Committed Yet,2025-11-02,21:49:53,-08:00,2025-11-02T21:49:53-08:00,0,0
style.css,231,css,00000000,Not Committed Yet,2025-11-02,21:49:53,-08:00,2025-11-02T21:49:53-08:00,1,10
style.css,232,css,00000000,Not Committed Yet,2025-11-02,21:49:53,-08:00,2025-11-02T21:49:53-08:00,2,17
style.css,233,css,00000000,Not Committed Yet,2025-11-02,21:49:53,-08:00,2025-11-02T21:49:53-08:00,1,0
style.css,234,css,bd5a26c1,Cheng-I-Lin,2025-10-27,21:05:13,-07:00,2025-10-27T21:05:13-07:00,0,0
index.js,1,js,00000000,Not Committed Yet,2025-11-02,21:49:53,-08:00,2025-11-02T21:49:53-08:00,0,71
index.js,2,js,00000000,Not Committed Yet,2025-11-02,21:49:53,-08:00,2025-11-02T21:49:53-08:00,0,54
index.js,3,js,92f12387,Cheng-I-Lin,2025-10-17,20:16:34,-07:00,2025-10-17T20:16:34-07:00,0,42
index.js,4,js,00000000,Not Committed Yet,2025-11-02,21:49:53,-08:00,2025-11-02T21:49:53-08:00,0,60
index.js,5,js,00000000,Not Committed Yet,2025-11-02,21:49:53,-08:00,2025-11-02T21:49:53-08:00,0,54
index.js,6,js,2f0b3e29,Cheng-I-Lin,2025-10-18,02:16:13,-07:00,2025-10-18T02:16:13-07:00,0,0
index.js,7,js,00000000,Not Committed Yet,2025-11-02,21:49:53,-08:00,2025-11-02T21:49:53-08:00,0,54
index.js,8,js,00000000,Not Committed Yet,2025-11-02,21:49:53,-08:00,2025-11-02T21:49:53-08:00,0,60
index.js,9,js,2f0b3e29,Cheng-I-Lin,2025-10-18,02:16:13,-07:00,2025-10-18T02:16:13-07:00,0,17
index.js,10,js,00000000,Not Committed Yet,2025-11-02,21:49:53,-08:00,2025-11-02T21:49:53-08:00,1,24
index.js,11,js,47304085,Cheng-I-Lin,2025-10-24,13:40:09,-07:00,2025-10-24T13:40:09-07:00,5,22
index.js,12,js,2f0b3e29,Cheng-I-Lin,2025-10-18,02:16:13,-07:00,2025-10-18T02:16:13-07:00,5,2
index.js,13,js,47304085,Cheng-I-Lin,2025-10-24,13:40:09,-07:00,2025-10-24T13:40:09-07:00,6,54
index.js,14,js,47304085,Cheng-I-Lin,2025-10-24,13:40:09,-07:00,2025-10-24T13:40:09-07:00,6,54
index.js,15,js,47304085,Cheng-I-Lin,2025-10-24,13:40:09,-07:00,2025-10-24T13:40:09-07:00,6,48
index.js,16,js,47304085,Cheng-I-Lin,2025-10-24,13:40:09,-07:00,2025-10-24T13:40:09-07:00,6,48
index.js,17,js,2f0b3e29,Cheng-I-Lin,2025-10-18,02:16:13,-07:00,2025-10-18T02:16:13-07:00,5,3
index.js,18,js,2f0b3e29,Cheng-I-Lin,2025-10-18,02:16:13,-07:00,2025-10-18T02:16:13-07:00,3,0
index.js,19,js,00000000,Not Committed Yet,2025-11-02,21:49:53,-08:00,2025-11-02T21:49:53-08:00,0,0
index.html,1,html,d42cf71a,Cheng-I-Lin,2025-09-27,11:48:02,-07:00,2025-09-27T11:48:02-07:00,0,13
index.html,2,html,d42cf71a,Cheng-I-Lin,2025-09-27,11:48:02,-07:00,2025-09-27T11:48:02-07:00,0,14
index.html,3,html,00000000,Not Committed Yet,2025-11-02,21:49:53,-08:00,2025-11-02T21:49:53-08:00,1,4
index.html,4,html,00000000,Not Committed Yet,2025-11-02,21:49:53,-08:00,2025-11-02T21:49:53-08:00,2,22
index.html,5,html,00000000,Not Committed Yet,2025-11-02,21:49:53,-08:00,2025-11-02T21:49:53-08:00,2,70
index.html,6,html,d42cf71a,Cheng-I-Lin,2025-09-27,11:48:02,-07:00,2025-09-27T11:48:02-07:00,2,53
index.html,7,html,00000000,Not Committed Yet,2025-11-02,21:49:53,-08:00,2025-11-02T21:49:53-08:00,2,40
index.html,8,html,00000000,Not Committed Yet,2025-11-02,21:49:53,-08:00,2025-11-02T21:49:53-08:00,1,5
index.html,9,html,00000000,Not Committed Yet,2025-11-02,21:49:53,-08:00,2025-11-02T21:49:53-08:00,1,4
index.html,10,html,91a60c18,Cheng-I-Lin,2025-10-11,15:47:16,-07:00,2025-10-11T15:47:16-07:00,2,2
index.html,11,html,384d02a9,Cheng-I-Lin,2025-09-28,20:22:29,-07:00,2025-09-28T20:22:29-07:00,2,3
index.html,12,html,db832d03,Cheng-I-Lin,2025-10-11,15:27:14,-07:00,2025-10-11T15:27:14-07:00,4,27
index.html,13,html,d2df842d,Cheng-I-Lin,2025-10-01,13:56:42,-07:00,2025-10-01T13:56:42-07:00,4,36
index.html,14,html,957cf735,Cheng-I-Lin,2025-09-28,20:42:29,-07:00,2025-09-28T20:42:29-07:00,4,40
index.html,15,html,957cf735,Cheng-I-Lin,2025-09-28,20:42:29,-07:00,2025-09-28T20:42:29-07:00,4,38
index.html,16,html,4915c6f2,Cheng-I-Lin,2025-10-08,15:40:54,-07:00,2025-10-08T15:40:54-07:00,4,65
index.html,17,html,384d02a9,Cheng-I-Lin,2025-09-28,20:22:29,-07:00,2025-09-28T20:22:29-07:00,2,4
index.html,18,html,91a60c18,Cheng-I-Lin,2025-10-11,15:47:16,-07:00,2025-10-11T15:47:16-07:00,2,1
index.html,19,html,d42cf71a,Cheng-I-Lin,2025-09-27,11:48:02,-07:00,2025-09-27T11:48:02-07:00,2,18
index.html,20,html,d42cf71a,Cheng-I-Lin,2025-09-27,11:48:02,-07:00,2025-09-27T11:48:02-07:00,2,69
index.html,21,html,00000000,Not Committed Yet,2025-11-02,21:49:53,-08:00,2025-11-02T21:49:53-08:00,2,2
index.html,22,html,00000000,Not Committed Yet,2025-11-02,21:49:53,-08:00,2025-11-02T21:49:53-08:00,3,14
index.html,23,html,00000000,Not Committed Yet,2025-11-02,21:49:53,-08:00,2025-11-02T21:49:53-08:00,3,25
index.html,24,html,00000000,Not Committed Yet,2025-11-02,21:49:53,-08:00,2025-11-02T21:49:53-08:00,3,53
index.html,25,html,00000000,Not Committed Yet,2025-11-02,21:49:53,-08:00,2025-11-02T21:49:53-08:00,2,0
index.html,26,html,92f12387,Cheng-I-Lin,2025-10-17,20:16:34,-07:00,2025-10-17T20:16:34-07:00,0,0
index.html,27,html,2f0b3e29,Cheng-I-Lin,2025-10-18,02:16:13,-07:00,2025-10-18T02:16:13-07:00,2,28
index.html,28,html,2f0b3e29,Cheng-I-Lin,2025-10-18,02:16:13,-07:00,2025-10-18T02:16:13-07:00,0,0
index.html,29,html,92f12387,Cheng-I-Lin,2025-10-17,20:16:34,-07:00,2025-10-17T20:16:34-07:00,2,22
index.html,30,html,92f12387,Cheng-I-Lin,2025-10-17,20:16:34,-07:00,2025-10-17T20:16:34-07:00,2,20
index.html,31,html,00000000,Not Committed Yet,2025-11-02,21:49:53,-08:00,2025-11-02T21:49:53-08:00,3,49
index.html,32,html,92f12387,Cheng-I-Lin,2025-10-17,20:16:34,-07:00,2025-10-17T20:16:34-07:00,2,4
index.html,33,html,92f12387,Cheng-I-Lin,2025-10-17,20:16:34,-07:00,2025-10-17T20:16:34-07:00,0,0
index.html,34,html,bfb6ccbf,Cheng-I-Lin,2025-10-11,14:19:54,-07:00,2025-10-11T14:19:54-07:00,2,45
index.html,35,html,92f12387,Cheng-I-Lin,2025-10-17,20:16:34,-07:00,2025-10-17T20:16:34-07:00,2,50
index.html,36,html,00000000,Not Committed Yet,2025-11-02,21:49:53,-08:00,2025-11-02T21:49:53-08:00,1,5
index.html,37,html,00000000,Not Committed Yet,2025-11-02,21:49:53,-08:00,2025-11-02T21:49:53-08:00,0,5
global.js,1,js,00000000,Not Committed Yet,2025-11-02,21:49:53,-08:00,2025-11-02T21:49:53-08:00,0,27
global.js,2,js,bfb6ccbf,Cheng-I-Lin,2025-10-11,14:19:54,-07:00,2025-10-11T14:19:54-07:00,0,0
global.js,3,js,bfb6ccbf,Cheng-I-Lin,2025-10-11,14:19:54,-07:00,2025-10-11T14:19:54-07:00,0,41
global.js,4,js,bfb6ccbf,Cheng-I-Lin,2025-10-11,14:19:54,-07:00,2025-10-11T14:19:54-07:00,1,52
global.js,5,js,db832d03,Cheng-I-Lin,2025-10-11,15:27:14,-07:00,2025-10-11T15:27:14-07:00,0,0
global.js,6,js,db832d03,Cheng-I-Lin,2025-10-11,15:27:14,-07:00,2025-10-11T15:27:14-07:00,0,0
global.js,7,js,91a60c18,Cheng-I-Lin,2025-10-11,15:47:16,-07:00,2025-10-11T15:47:16-07:00,0,28
global.js,8,js,db832d03,Cheng-I-Lin,2025-10-11,15:27:14,-07:00,2025-10-11T15:27:14-07:00,0,0
global.js,9,js,91a60c18,Cheng-I-Lin,2025-10-11,15:47:16,-07:00,2025-10-11T15:47:16-07:00,0,33
global.js,10,js,91a60c18,Cheng-I-Lin,2025-10-11,15:47:16,-07:00,2025-10-11T15:47:16-07:00,0,73
global.js,11,js,91a60c18,Cheng-I-Lin,2025-10-11,15:47:16,-07:00,2025-10-11T15:47:16-07:00,0,5
global.js,12,js,db832d03,Cheng-I-Lin,2025-10-11,15:27:14,-07:00,2025-10-11T15:27:14-07:00,0,0
global.js,13,js,91a60c18,Cheng-I-Lin,2025-10-11,15:47:16,-07:00,2025-10-11T15:47:16-07:00,0,39
global.js,14,js,91a60c18,Cheng-I-Lin,2025-10-11,15:47:16,-07:00,2025-10-11T15:47:16-07:00,0,0
global.js,15,js,00000000,Not Committed Yet,2025-11-02,21:49:53,-08:00,2025-11-02T21:49:53-08:00,0,15
global.js,16,js,00000000,Not Committed Yet,2025-11-02,21:49:53,-08:00,2025-11-02T21:49:53-08:00,1,68
global.js,17,js,00000000,Not Committed Yet,2025-11-02,21:49:53,-08:00,2025-11-02T21:49:53-08:00,2,19
global.js,18,js,00000000,Not Committed Yet,2025-11-02,21:49:53,-08:00,2025-11-02T21:49:53-08:00,2,40
global.js,19,js,3797a37c,Cheng-I-Lin,2025-10-11,19:01:04,-07:00,2025-10-11T19:01:04-07:00,0,0
global.js,20,js,91a60c18,Cheng-I-Lin,2025-10-11,15:47:16,-07:00,2025-10-11T15:47:16-07:00,0,11
global.js,21,js,00000000,Not Committed Yet,2025-11-02,21:49:53,-08:00,2025-11-02T21:49:53-08:00,1,25
global.js,22,js,00000000,Not Committed Yet,2025-11-02,21:49:53,-08:00,2025-11-02T21:49:53-08:00,1,34
global.js,23,js,00000000,Not Committed Yet,2025-11-02,21:49:53,-08:00,2025-11-02T21:49:53-08:00,1,38
global.js,24,js,00000000,Not Committed Yet,2025-11-02,21:49:53,-08:00,2025-11-02T21:49:53-08:00,1,36
global.js,25,js,00000000,Not Committed Yet,2025-11-02,21:49:53,-08:00,2025-11-02T21:49:53-08:00,1,30
global.js,26,js,00000000,Not Committed Yet,2025-11-02,21:49:53,-08:00,2025-11-02T21:49:53-08:00,1,57
global.js,27,js,91a60c18,Cheng-I-Lin,2025-10-11,15:47:16,-07:00,2025-10-11T15:47:16-07:00,0,0
global.js,28,js,91a60c18,Cheng-I-Lin,2025-10-11,15:47:16,-07:00,2025-10-11T15:47:16-07:00,0,0
global.js,29,js,00000000,Not Committed Yet,2025-11-02,21:49:53,-08:00,2025-11-02T21:49:53-08:00,0,38
global.js,30,js,91a60c18,Cheng-I-Lin,2025-10-11,15:47:16,-07:00,2025-10-11T15:47:16-07:00,0,25
global.js,31,js,91a60c18,Cheng-I-Lin,2025-10-11,15:47:16,-07:00,2025-10-11T15:47:16-07:00,0,0
global.js,32,js,91a60c18,Cheng-I-Lin,2025-10-11,15:47:16,-07:00,2025-10-11T15:47:16-07:00,0,20
global.js,33,js,00000000,Not Committed Yet,2025-11-02,21:49:53,-08:00,2025-11-02T21:49:53-08:00,1,14
global.js,34,js,00000000,Not Committed Yet,2025-11-02,21:49:53,-08:00,2025-11-02T21:49:53-08:00,1,18
global.js,35,js,00000000,Not Committed Yet,2025-11-02,21:49:53,-08:00,2025-11-02T21:49:53-08:00,1,52
global.js,36,js,00000000,Not Committed Yet,2025-11-02,21:49:53,-08:00,2025-11-02T21:49:53-08:00,0,0
global.js,37,js,00000000,Not Committed Yet,2025-11-02,21:49:53,-08:00,2025-11-02T21:49:53-08:00,1,30
global.js,38,js,00000000,Not Committed Yet,2025-11-02,21:49:53,-08:00,2025-11-02T21:49:53-08:00,1,69
global.js,39,js,00000000,Not Committed Yet,2025-11-02,21:49:53,-08:00,2025-11-02T21:49:53-08:00,1,34
global.js,40,js,00000000,Not Committed Yet,2025-11-02,21:49:53,-08:00,2025-11-02T21:49:53-08:00,1,11
global.js,41,js,00000000,Not Committed Yet,2025-11-02,21:49:53,-08:00,2025-11-02T21:49:53-08:00,1,20
global.js,42,js,00000000,Not Committed Yet,2025-11-02,21:49:53,-08:00,2025-11-02T21:49:53-08:00,1,12
global.js,43,js,00000000,Not Committed Yet,2025-11-02,21:49:53,-08:00,2025-11-02T21:49:53-08:00,0,0
global.js,44,js,00000000,Not Committed Yet,2025-11-02,21:49:53,-08:00,2025-11-02T21:49:53-08:00,1,65
global.js,45,js,00000000,Not Committed Yet,2025-11-02,21:49:53,-08:00,2025-11-02T21:49:53-08:00,2,25
global.js,46,js,00000000,Not Committed Yet,2025-11-02,21:49:53,-08:00,2025-11-02T21:49:53-08:00,1,35
global.js,47,js,00000000,Not Committed Yet,2025-11-02,21:49:53,-08:00,2025-11-02T21:49:53-08:00,2,18
global.js,48,js,00000000,Not Committed Yet,2025-11-02,21:49:53,-08:00,2025-11-02T21:49:53-08:00,1,0
global.js,49,js,096a9c1b,Cheng-I-Lin,2025-10-11,19:44:22,-07:00,2025-10-11T19:44:22-07:00,0,0
global.js,50,js,096a9c1b,Cheng-I-Lin,2025-10-11,19:44:22,-07:00,2025-10-11T19:44:22-07:00,0,0
global.js,51,js,096a9c1b,Cheng-I-Lin,2025-10-11,19:44:22,-07:00,2025-10-11T19:44:22-07:00,0,31
global.js,52,js,00000000,Not Committed Yet,2025-11-02,21:49:53,-08:00,2025-11-02T21:49:53-08:00,1,11
global.js,53,js,00000000,Not Committed Yet,2025-11-02,21:49:53,-08:00,2025-11-02T21:49:53-08:00,1,0
global.js,54,js,096a9c1b,Cheng-I-Lin,2025-10-11,19:44:22,-07:00,2025-10-11T19:44:22-07:00,3,26
global.js,55,js,096a9c1b,Cheng-I-Lin,2025-10-11,19:44:22,-07:00,2025-10-11T19:44:22-07:00,5,4
global.js,56,js,096a9c1b,Cheng-I-Lin,2025-10-11,19:44:22,-07:00,2025-10-11T19:44:22-07:00,5,6
global.js,57,js,096a9c1b,Cheng-I-Lin,2025-10-11,19:44:22,-07:00,2025-10-11T19:44:22-07:00,7,38
global.js,58,js,096a9c1b,Cheng-I-Lin,2025-10-11,19:44:22,-07:00,2025-10-11T19:44:22-07:00,6,43
global.js,59,js,096a9c1b,Cheng-I-Lin,2025-10-11,19:44:22,-07:00,2025-10-11T19:44:22-07:00,6,34
global.js,60,js,096a9c1b,Cheng-I-Lin,2025-10-11,19:44:22,-07:00,2025-10-11T19:44:22-07:00,6,32
global.js,61,js,096a9c1b,Cheng-I-Lin,2025-10-11,19:44:22,-07:00,2025-10-11T19:44:22-07:00,5,7
global.js,62,js,00000000,Not Committed Yet,2025-11-02,21:49:53,-08:00,2025-11-02T21:49:53-08:00,3,7
global.js,63,js,096a9c1b,Cheng-I-Lin,2025-10-11,19:44:22,-07:00,2025-10-11T19:44:22-07:00,0,0
global.js,64,js,096a9c1b,Cheng-I-Lin,2025-10-11,19:44:22,-07:00,2025-10-11T19:44:22-07:00,0,0
global.js,65,js,00000000,Not Committed Yet,2025-11-02,21:49:53,-08:00,2025-11-02T21:49:53-08:00,0,36
global.js,66,js,00000000,Not Committed Yet,2025-11-02,21:49:53,-08:00,2025-11-02T21:49:53-08:00,1,70
global.js,67,js,870e404e,Cheng-I-Lin,2025-10-11,21:05:54,-07:00,2025-10-11T21:05:54-07:00,0,0
global.js,68,js,870e404e,Cheng-I-Lin,2025-10-11,21:05:54,-07:00,2025-10-11T21:05:54-07:00,0,0
global.js,69,js,00000000,Not Committed Yet,2025-11-02,21:49:53,-08:00,2025-11-02T21:49:53-08:00,0,44
global.js,70,js,096a9c1b,Cheng-I-Lin,2025-10-11,19:44:22,-07:00,2025-10-11T19:44:22-07:00,0,0
global.js,71,js,00000000,Not Committed Yet,2025-11-02,21:49:53,-08:00,2025-11-02T21:49:53-08:00,0,49
global.js,72,js,00000000,Not Committed Yet,2025-11-02,21:49:53,-08:00,2025-11-02T21:49:53-08:00,1,44
global.js,73,js,00000000,Not Committed Yet,2025-11-02,21:49:53,-08:00,2025-11-02T21:49:53-08:00,1,33
global.js,74,js,00000000,Not Committed Yet,2025-11-02,21:49:53,-08:00,2025-11-02T21:49:53-08:00,1,59
global.js,75,js,870e404e,Cheng-I-Lin,2025-10-11,21:05:54,-07:00,2025-10-11T21:05:54-07:00,0,1
global.js,76,js,870e404e,Cheng-I-Lin,2025-10-11,21:05:54,-07:00,2025-10-11T21:05:54-07:00,0,0
global.js,77,js,00000000,Not Committed Yet,2025-11-02,21:49:53,-08:00,2025-11-02T21:49:53-08:00,0,34
global.js,78,js,00000000,Not Committed Yet,2025-11-02,21:49:53,-08:00,2025-11-02T21:49:53-08:00,1,39
global.js,79,js,00000000,Not Committed Yet,2025-11-02,21:49:53,-08:00,2025-11-02T21:49:53-08:00,1,38
global.js,80,js,3f29185d,Cheng-I-Lin,2025-10-15,19:42:19,-07:00,2025-10-15T19:42:19-07:00,0,0
global.js,81,js,3f29185d,Cheng-I-Lin,2025-10-15,19:42:19,-07:00,2025-10-15T19:42:19-07:00,0,0
global.js,82,js,00000000,Not Committed Yet,2025-11-02,21:49:53,-08:00,2025-11-02T21:49:53-08:00,0,40
global.js,83,js,3f29185d,Cheng-I-Lin,2025-10-15,19:42:19,-07:00,2025-10-15T19:42:19-07:00,0,0
global.js,84,js,00000000,Not Committed Yet,2025-11-02,21:49:53,-08:00,2025-11-02T21:49:53-08:00,0,49
global.js,85,js,00000000,Not Committed Yet,2025-11-02,21:49:53,-08:00,2025-11-02T21:49:53-08:00,1,21
global.js,86,js,00000000,Not Committed Yet,2025-11-02,21:49:53,-08:00,2025-11-02T21:49:53-08:00,1,28
global.js,87,js,00000000,Not Committed Yet,2025-11-02,21:49:53,-08:00,2025-11-02T21:49:53-08:00,1,11
global.js,88,js,00000000,Not Committed Yet,2025-11-02,21:49:53,-08:00,2025-11-02T21:49:53-08:00,1,31
global.js,89,js,00000000,Not Committed Yet,2025-11-02,21:49:53,-08:00,2025-11-02T21:49:53-08:00,2,31
global.js,90,js,00000000,Not Committed Yet,2025-11-02,21:49:53,-08:00,2025-11-02T21:49:53-08:00,2,47
global.js,91,js,00000000,Not Committed Yet,2025-11-02,21:49:53,-08:00,2025-11-02T21:49:53-08:00,2,43
global.js,92,js,00000000,Not Committed Yet,2025-11-02,21:49:53,-08:00,2025-11-02T21:49:53-08:00,1,0
global.js,93,js,00000000,Not Committed Yet,2025-11-02,21:49:53,-08:00,2025-11-02T21:49:53-08:00,1,42
global.js,94,js,00000000,Not Committed Yet,2025-11-02,21:49:53,-08:00,2025-11-02T21:49:53-08:00,1,18
global.js,95,js,acaa5ed0,Cheng-I-Lin,2025-10-17,19:50:51,-07:00,2025-10-17T19:50:51-07:00,0,1
global.js,96,js,acaa5ed0,Cheng-I-Lin,2025-10-17,19:50:51,-07:00,2025-10-17T19:50:51-07:00,0,0
global.js,97,js,acaa5ed0,Cheng-I-Lin,2025-10-17,19:50:51,-07:00,2025-10-17T19:50:51-07:00,0,36
global.js,98,js,00000000,Not Committed Yet,2025-11-02,21:49:53,-08:00,2025-11-02T21:49:53-08:00,1,3
global.js,99,js,00000000,Not Committed Yet,2025-11-02,21:49:53,-08:00,2025-11-02T21:49:53-08:00,2,39
global.js,100,js,00000000,Not Committed Yet,2025-11-02,21:49:53,-08:00,2025-11-02T21:49:53-08:00,2,32
global.js,101,js,00000000,Not Committed Yet,2025-11-02,21:49:53,-08:00,2025-11-02T21:49:53-08:00,2,20
global.js,102,js,00000000,Not Committed Yet,2025-11-02,21:49:53,-08:00,2025-11-02T21:49:53-08:00,2,17
global.js,103,js,00000000,Not Committed Yet,2025-11-02,21:49:53,-08:00,2025-11-02T21:49:53-08:00,3,66
global.js,104,js,acaa5ed0,Cheng-I-Lin,2025-10-17,19:50:51,-07:00,2025-10-17T19:50:51-07:00,2,0
global.js,105,js,00000000,Not Committed Yet,2025-11-02,21:49:53,-08:00,2025-11-02T21:49:53-08:00,2,33
global.js,106,js,00000000,Not Committed Yet,2025-11-02,21:49:53,-08:00,2025-11-02T21:49:53-08:00,2,10
global.js,107,js,00000000,Not Committed Yet,2025-11-02,21:49:53,-08:00,2025-11-02T21:49:53-08:00,1,15
global.js,108,js,00000000,Not Committed Yet,2025-11-02,21:49:53,-08:00,2025-11-02T21:49:53-08:00,2,59
global.js,109,js,acaa5ed0,Cheng-I-Lin,2025-10-17,19:50:51,-07:00,2025-10-17T19:50:51-07:00,1,0
global.js,110,js,00000000,Not Committed Yet,2025-11-02,21:49:53,-08:00,2025-11-02T21:49:53-08:00,0,0
global.js,111,js,acaa5ed0,Cheng-I-Lin,2025-10-17,19:50:51,-07:00,2025-10-17T19:50:51-07:00,0,0
global.js,112,js,00000000,Not Committed Yet,2025-11-02,21:49:53,-08:00,2025-11-02T21:49:53-08:00,0,78
global.js,113,js,00000000,Not Committed Yet,2025-11-02,21:49:53,-08:00,2025-11-02T21:49:53-08:00,1,23
global.js,114,js,00000000,Not Committed Yet,2025-11-02,21:49:53,-08:00,2025-11-02T21:49:53-08:00,1,61
global.js,115,js,00000000,Not Committed Yet,2025-11-02,21:49:53,-08:00,2025-11-02T21:49:53-08:00,1,17
global.js,116,js,00000000,Not Committed Yet,2025-11-02,21:49:53,-08:00,2025-11-02T21:49:53-08:00,2,52
global.js,117,js,00000000,Not Committed Yet,2025-11-02,21:49:53,-08:00,2025-11-02T21:49:53-08:00,1,0
global.js,118,js,00000000,Not Committed Yet,2025-11-02,21:49:53,-08:00,2025-11-02T21:49:53-08:00,1,30
global.js,119,js,00000000,Not Committed Yet,2025-11-02,21:49:53,-08:00,2025-11-02T21:49:53-08:00,1,22
global.js,120,js,00000000,Not Committed Yet,2025-11-02,21:49:53,-08:00,2025-11-02T21:49:53-08:00,2,48
global.js,121,js,00000000,Not Committed Yet,2025-11-02,21:49:53,-08:00,2025-11-02T21:49:53-08:00,2,19
global.js,122,js,acaa5ed0,Cheng-I-Lin,2025-10-17,19:50:51,-07:00,2025-10-17T19:50:51-07:00,6,43
global.js,123,js,acaa5ed0,Cheng-I-Lin,2025-10-17,19:50:51,-07:00,2025-10-17T19:50:51-07:00,6,37
global.js,124,js,ac5b631d,Cheng-I-Lin,2025-10-26,08:41:18,-07:00,2025-10-26T08:41:18-07:00,6,3
global.js,125,js,ac5b631d,Cheng-I-Lin,2025-10-26,08:41:18,-07:00,2025-10-26T08:41:18-07:00,8,21
global.js,126,js,ac5b631d,Cheng-I-Lin,2025-10-26,08:41:18,-07:00,2025-10-26T08:41:18-07:00,8,30
global.js,127,js,ac5b631d,Cheng-I-Lin,2025-10-26,08:41:18,-07:00,2025-10-26T08:41:18-07:00,6,4
global.js,128,js,acaa5ed0,Cheng-I-Lin,2025-10-17,19:50:51,-07:00,2025-10-17T19:50:51-07:00,4,0
global.js,129,js,00000000,Not Committed Yet,2025-11-02,21:49:53,-08:00,2025-11-02T21:49:53-08:00,2,36
global.js,130,js,00000000,Not Committed Yet,2025-11-02,21:49:53,-08:00,2025-11-02T21:49:53-08:00,1,1
global.js,131,js,00000000,Not Committed Yet,2025-11-02,21:49:53,-08:00,2025-11-02T21:49:53-08:00,0,0
global.js,132,js,00000000,Not Committed Yet,2025-11-02,21:49:53,-08:00,2025-11-02T21:49:53-08:00,0,47
global.js,133,js,00000000,Not Committed Yet,2025-11-02,21:49:53,-08:00,2025-11-02T21:49:53-08:00,1,22
global.js,134,js,00000000,Not Committed Yet,2025-11-02,21:49:53,-08:00,2025-11-02T21:49:53-08:00,1,59
global.js,135,js,00000000,Not Committed Yet,2025-11-02,21:49:53,-08:00,2025-11-02T21:49:53-08:00,0,0
resume/index.html,1,html,d2df842d,Cheng-I-Lin,2025-10-01,13:56:42,-07:00,2025-10-01T13:56:42-07:00,0,13
resume/index.html,2,html,d2df842d,Cheng-I-Lin,2025-10-01,13:56:42,-07:00,2025-10-01T13:56:42-07:00,0,14
resume/index.html,3,html,00000000,Not Committed Yet,2025-11-02,21:49:53,-08:00,2025-11-02T21:49:53-08:00,1,4
resume/index.html,4,html,00000000,Not Committed Yet,2025-11-02,21:49:53,-08:00,2025-11-02T21:49:53-08:00,2,22
resume/index.html,5,html,00000000,Not Committed Yet,2025-11-02,21:49:53,-08:00,2025-11-02T21:49:53-08:00,2,70
resume/index.html,6,html,d2df842d,Cheng-I-Lin,2025-10-01,13:56:42,-07:00,2025-10-01T13:56:42-07:00,2,19
resume/index.html,7,html,00000000,Not Committed Yet,2025-11-02,21:49:53,-08:00,2025-11-02T21:49:53-08:00,2,43
resume/index.html,8,html,00000000,Not Committed Yet,2025-11-02,21:49:53,-08:00,2025-11-02T21:49:53-08:00,1,5
resume/index.html,9,html,00000000,Not Committed Yet,2025-11-02,21:49:53,-08:00,2025-11-02T21:49:53-08:00,1,4
resume/index.html,10,html,91a60c18,Cheng-I-Lin,2025-10-11,15:47:16,-07:00,2025-10-11T15:47:16-07:00,2,2
resume/index.html,11,html,d2df842d,Cheng-I-Lin,2025-10-01,13:56:42,-07:00,2025-10-01T13:56:42-07:00,2,3
resume/index.html,12,html,d2df842d,Cheng-I-Lin,2025-10-01,13:56:42,-07:00,2025-10-01T13:56:42-07:00,4,30
resume/index.html,13,html,db832d03,Cheng-I-Lin,2025-10-11,15:27:14,-07:00,2025-10-11T15:27:14-07:00,4,39
resume/index.html,14,html,d2df842d,Cheng-I-Lin,2025-10-01,13:56:42,-07:00,2025-10-01T13:56:42-07:00,4,43
resume/index.html,15,html,d2df842d,Cheng-I-Lin,2025-10-01,13:56:42,-07:00,2025-10-01T13:56:42-07:00,4,41
resume/index.html,16,html,4915c6f2,Cheng-I-Lin,2025-10-08,15:40:54,-07:00,2025-10-08T15:40:54-07:00,4,65
resume/index.html,17,html,d2df842d,Cheng-I-Lin,2025-10-01,13:56:42,-07:00,2025-10-01T13:56:42-07:00,2,4
resume/index.html,18,html,91a60c18,Cheng-I-Lin,2025-10-11,15:47:16,-07:00,2025-10-11T15:47:16-07:00,2,1
resume/index.html,19,html,d2df842d,Cheng-I-Lin,2025-10-01,13:56:42,-07:00,2025-10-01T13:56:42-07:00,2,13
resume/index.html,20,html,cd84bd6e,Cheng-I-Lin,2025-10-08,15:14:45,-07:00,2025-10-08T15:14:45-07:00,2,18
resume/index.html,21,html,00000000,Not Committed Yet,2025-11-02,21:49:53,-08:00,2025-11-02T21:49:53-08:00,3,24
resume/index.html,22,html,00000000,Not Committed Yet,2025-11-02,21:49:53,-08:00,2025-11-02T21:49:53-08:00,4,27
resume/index.html,23,html,00000000,Not Committed Yet,2025-11-02,21:49:53,-08:00,2025-11-02T21:49:53-08:00,5,6
resume/index.html,24,html,00000000,Not Committed Yet,2025-11-02,21:49:53,-08:00,2025-11-02T21:49:53-08:00,6,18
resume/index.html,25,html,00000000,Not Committed Yet,2025-11-02,21:49:53,-08:00,2025-11-02T21:49:53-08:00,6,26
resume/index.html,26,html,00000000,Not Committed Yet,2025-11-02,21:49:53,-08:00,2025-11-02T21:49:53-08:00,5,7
resume/index.html,27,html,00000000,Not Committed Yet,2025-11-02,21:49:53,-08:00,2025-11-02T21:49:53-08:00,5,1
resume/index.html,28,html,00000000,Not Committed Yet,2025-11-02,21:49:53,-08:00,2025-11-02T21:49:53-08:00,6,45
resume/index.html,29,html,00000000,Not Committed Yet,2025-11-02,21:49:53,-08:00,2025-11-02T21:49:53-08:00,6,37
resume/index.html,30,html,00000000,Not Committed Yet,2025-11-02,21:49:53,-08:00,2025-11-02T21:49:53-08:00,5,2
resume/index.html,31,html,00000000,Not Committed Yet,2025-11-02,21:49:53,-08:00,2025-11-02T21:49:53-08:00,4,8
resume/index.html,32,html,00000000,Not Committed Yet,2025-11-02,21:49:53,-08:00,2025-11-02T21:49:53-08:00,4,26
resume/index.html,33,html,00000000,Not Committed Yet,2025-11-02,21:49:53,-08:00,2025-11-02T21:49:53-08:00,5,22
resume/index.html,34,html,00000000,Not Committed Yet,2025-11-02,21:49:53,-08:00,2025-11-02T21:49:53-08:00,5,7
resume/index.html,35,html,00000000,Not Committed Yet,2025-11-02,21:49:53,-08:00,2025-11-02T21:49:53-08:00,6,16
resume/index.html,36,html,00000000,Not Committed Yet,2025-11-02,21:49:53,-08:00,2025-11-02T21:49:53-08:00,6,2
resume/index.html,37,html,00000000,Not Committed Yet,2025-11-02,21:49:53,-08:00,2025-11-02T21:49:53-08:00,7,20
resume/index.html,38,html,00000000,Not Committed Yet,2025-11-02,21:49:53,-08:00,2025-11-02T21:49:53-08:00,7,20
resume/index.html,39,html,00000000,Not Committed Yet,2025-11-02,21:49:53,-08:00,2025-11-02T21:49:53-08:00,7,25
resume/index.html,40,html,00000000,Not Committed Yet,2025-11-02,21:49:53,-08:00,2025-11-02T21:49:53-08:00,7,17
resume/index.html,41,html,00000000,Not Committed Yet,2025-11-02,21:49:53,-08:00,2025-11-02T21:49:53-08:00,6,3
resume/index.html,42,html,00000000,Not Committed Yet,2025-11-02,21:49:53,-08:00,2025-11-02T21:49:53-08:00,5,8
resume/index.html,43,html,00000000,Not Committed Yet,2025-11-02,21:49:53,-08:00,2025-11-02T21:49:53-08:00,5,7
resume/index.html,44,html,00000000,Not Committed Yet,2025-11-02,21:49:53,-08:00,2025-11-02T21:49:53-08:00,6,25
resume/index.html,45,html,00000000,Not Committed Yet,2025-11-02,21:49:53,-08:00,2025-11-02T21:49:53-08:00,6,2
resume/index.html,46,html,00000000,Not Committed Yet,2025-11-02,21:49:53,-08:00,2025-11-02T21:49:53-08:00,7,11
resume/index.html,47,html,00000000,Not Committed Yet,2025-11-02,21:49:53,-08:00,2025-11-02T21:49:53-08:00,7,10
resume/index.html,48,html,00000000,Not Committed Yet,2025-11-02,21:49:53,-08:00,2025-11-02T21:49:53-08:00,7,17
resume/index.html,49,html,00000000,Not Committed Yet,2025-11-02,21:49:53,-08:00,2025-11-02T21:49:53-08:00,7,13
resume/index.html,50,html,00000000,Not Committed Yet,2025-11-02,21:49:53,-08:00,2025-11-02T21:49:53-08:00,6,3
resume/index.html,51,html,00000000,Not Committed Yet,2025-11-02,21:49:53,-08:00,2025-11-02T21:49:53-08:00,5,8
resume/index.html,52,html,00000000,Not Committed Yet,2025-11-02,21:49:53,-08:00,2025-11-02T21:49:53-08:00,4,8
resume/index.html,53,html,00000000,Not Committed Yet,2025-11-02,21:49:53,-08:00,2025-11-02T21:49:53-08:00,4,28
resume/index.html,54,html,00000000,Not Committed Yet,2025-11-02,21:49:53,-08:00,2025-11-02T21:49:53-08:00,5,7
resume/index.html,55,html,00000000,Not Committed Yet,2025-11-02,21:49:53,-08:00,2025-11-02T21:49:53-08:00,6,23
resume/index.html,56,html,00000000,Not Committed Yet,2025-11-02,21:49:53,-08:00,2025-11-02T21:49:53-08:00,6,2
resume/index.html,57,html,00000000,Not Committed Yet,2025-11-02,21:49:53,-08:00,2025-11-02T21:49:53-08:00,7,24
resume/index.html,58,html,00000000,Not Committed Yet,2025-11-02,21:49:53,-08:00,2025-11-02T21:49:53-08:00,7,14
resume/index.html,59,html,00000000,Not Committed Yet,2025-11-02,21:49:53,-08:00,2025-11-02T21:49:53-08:00,6,3
resume/index.html,60,html,00000000,Not Committed Yet,2025-11-02,21:49:53,-08:00,2025-11-02T21:49:53-08:00,5,8
resume/index.html,61,html,00000000,Not Committed Yet,2025-11-02,21:49:53,-08:00,2025-11-02T21:49:53-08:00,4,8
resume/index.html,62,html,00000000,Not Committed Yet,2025-11-02,21:49:53,-08:00,2025-11-02T21:49:53-08:00,3,4
resume/index.html,63,html,00000000,Not Committed Yet,2025-11-02,21:49:53,-08:00,2025-11-02T21:49:53-08:00,0,0
resume/index.html,64,html,00000000,Not Committed Yet,2025-11-02,21:49:53,-08:00,2025-11-02T21:49:53-08:00,3,22
resume/index.html,65,html,00000000,Not Committed Yet,2025-11-02,21:49:53,-08:00,2025-11-02T21:49:53-08:00,4,29
resume/index.html,66,html,00000000,Not Committed Yet,2025-11-02,21:49:53,-08:00,2025-11-02T21:49:53-08:00,5,16
resume/index.html,67,html,00000000,Not Committed Yet,2025-11-02,21:49:53,-08:00,2025-11-02T21:49:53-08:00,5,7
resume/index.html,68,html,00000000,Not Committed Yet,2025-11-02,21:49:53,-08:00,2025-11-02T21:49:53-08:00,6,6
resume/index.html,69,html,00000000,Not Committed Yet,2025-11-02,21:49:53,-08:00,2025-11-02T21:49:53-08:00,7,48
resume/index.html,70,html,00000000,Not Committed Yet,2025-11-02,21:49:53,-08:00,2025-11-02T21:49:53-08:00,7,38
resume/index.html,71,html,00000000,Not Committed Yet,2025-11-02,21:49:53,-08:00,2025-11-02T21:49:53-08:00,6,7
resume/index.html,72,html,00000000,Not Committed Yet,2025-11-02,21:49:53,-08:00,2025-11-02T21:49:53-08:00,6,42
resume/index.html,73,html,00000000,Not Committed Yet,2025-11-02,21:49:53,-08:00,2025-11-02T21:49:53-08:00,5,8
resume/index.html,74,html,00000000,Not Committed Yet,2025-11-02,21:49:53,-08:00,2025-11-02T21:49:53-08:00,4,8
resume/index.html,75,html,00000000,Not Committed Yet,2025-11-02,21:49:53,-08:00,2025-11-02T21:49:53-08:00,4,24
resume/index.html,76,html,00000000,Not Committed Yet,2025-11-02,21:49:53,-08:00,2025-11-02T21:49:53-08:00,5,22
resume/index.html,77,html,00000000,Not Committed Yet,2025-11-02,21:49:53,-08:00,2025-11-02T21:49:53-08:00,5,7
resume/index.html,78,html,00000000,Not Committed Yet,2025-11-02,21:49:53,-08:00,2025-11-02T21:49:53-08:00,6,6
resume/index.html,79,html,00000000,Not Committed Yet,2025-11-02,21:49:53,-08:00,2025-11-02T21:49:53-08:00,7,30
resume/index.html,80,html,00000000,Not Committed Yet,2025-11-02,21:49:53,-08:00,2025-11-02T21:49:53-08:00,7,1
resume/index.html,81,html,00000000,Not Committed Yet,2025-11-02,21:49:53,-08:00,2025-11-02T21:49:53-08:00,8,47
resume/index.html,82,html,00000000,Not Committed Yet,2025-11-02,21:49:53,-08:00,2025-11-02T21:49:53-08:00,8,26
resume/index.html,83,html,00000000,Not Committed Yet,2025-11-02,21:49:53,-08:00,2025-11-02T21:49:53-08:00,7,2
resume/index.html,84,html,00000000,Not Committed Yet,2025-11-02,21:49:53,-08:00,2025-11-02T21:49:53-08:00,6,7
resume/index.html,85,html,00000000,Not Committed Yet,2025-11-02,21:49:53,-08:00,2025-11-02T21:49:53-08:00,6,1
resume/index.html,86,html,00000000,Not Committed Yet,2025-11-02,21:49:53,-08:00,2025-11-02T21:49:53-08:00,7,64
resume/index.html,87,html,00000000,Not Committed Yet,2025-11-02,21:49:53,-08:00,2025-11-02T21:49:53-08:00,7,64
resume/index.html,88,html,00000000,Not Committed Yet,2025-11-02,21:49:53,-08:00,2025-11-02T21:49:53-08:00,7,64
resume/index.html,89,html,00000000,Not Committed Yet,2025-11-02,21:49:53,-08:00,2025-11-02T21:49:53-08:00,7,64
resume/index.html,90,html,00000000,Not Committed Yet,2025-11-02,21:49:53,-08:00,2025-11-02T21:49:53-08:00,7,60
resume/index.html,91,html,00000000,Not Committed Yet,2025-11-02,21:49:53,-08:00,2025-11-02T21:49:53-08:00,7,33
resume/index.html,92,html,00000000,Not Committed Yet,2025-11-02,21:49:53,-08:00,2025-11-02T21:49:53-08:00,6,2
resume/index.html,93,html,00000000,Not Committed Yet,2025-11-02,21:49:53,-08:00,2025-11-02T21:49:53-08:00,6,84
resume/index.html,94,html,00000000,Not Committed Yet,2025-11-02,21:49:53,-08:00,2025-11-02T21:49:53-08:00,5,8
resume/index.html,95,html,00000000,Not Committed Yet,2025-11-02,21:49:53,-08:00,2025-11-02T21:49:53-08:00,5,7
resume/index.html,96,html,00000000,Not Committed Yet,2025-11-02,21:49:53,-08:00,2025-11-02T21:49:53-08:00,6,6
resume/index.html,97,html,00000000,Not Committed Yet,2025-11-02,21:49:53,-08:00,2025-11-02T21:49:53-08:00,7,30
resume/index.html,98,html,00000000,Not Committed Yet,2025-11-02,21:49:53,-08:00,2025-11-02T21:49:53-08:00,7,1
resume/index.html,99,html,00000000,Not Committed Yet,2025-11-02,21:49:53,-08:00,2025-11-02T21:49:53-08:00,8,62
resume/index.html,100,html,00000000,Not Committed Yet,2025-11-02,21:49:53,-08:00,2025-11-02T21:49:53-08:00,8,23
resume/index.html,101,html,00000000,Not Committed Yet,2025-11-02,21:49:53,-08:00,2025-11-02T21:49:53-08:00,7,2
resume/index.html,102,html,00000000,Not Committed Yet,2025-11-02,21:49:53,-08:00,2025-11-02T21:49:53-08:00,6,7
resume/index.html,103,html,00000000,Not Committed Yet,2025-11-02,21:49:53,-08:00,2025-11-02T21:49:53-08:00,6,1
resume/index.html,104,html,00000000,Not Committed Yet,2025-11-02,21:49:53,-08:00,2025-11-02T21:49:53-08:00,7,64
resume/index.html,105,html,00000000,Not Committed Yet,2025-11-02,21:49:53,-08:00,2025-11-02T21:49:53-08:00,7,58
resume/index.html,106,html,00000000,Not Committed Yet,2025-11-02,21:49:53,-08:00,2025-11-02T21:49:53-08:00,7,64
resume/index.html,107,html,00000000,Not Committed Yet,2025-11-02,21:49:53,-08:00,2025-11-02T21:49:53-08:00,7,57
resume/index.html,108,html,00000000,Not Committed Yet,2025-11-02,21:49:53,-08:00,2025-11-02T21:49:53-08:00,7,62
resume/index.html,109,html,00000000,Not Committed Yet,2025-11-02,21:49:53,-08:00,2025-11-02T21:49:53-08:00,7,59
resume/index.html,110,html,00000000,Not Committed Yet,2025-11-02,21:49:53,-08:00,2025-11-02T21:49:53-08:00,7,64
resume/index.html,111,html,00000000,Not Committed Yet,2025-11-02,21:49:53,-08:00,2025-11-02T21:49:53-08:00,7,59
resume/index.html,112,html,00000000,Not Committed Yet,2025-11-02,21:49:53,-08:00,2025-11-02T21:49:53-08:00,7,63
resume/index.html,113,html,00000000,Not Committed Yet,2025-11-02,21:49:53,-08:00,2025-11-02T21:49:53-08:00,7,13
resume/index.html,114,html,00000000,Not Committed Yet,2025-11-02,21:49:53,-08:00,2025-11-02T21:49:53-08:00,6,2
resume/index.html,115,html,00000000,Not Committed Yet,2025-11-02,21:49:53,-08:00,2025-11-02T21:49:53-08:00,6,84
resume/index.html,116,html,00000000,Not Committed Yet,2025-11-02,21:49:53,-08:00,2025-11-02T21:49:53-08:00,5,8
resume/index.html,117,html,00000000,Not Committed Yet,2025-11-02,21:49:53,-08:00,2025-11-02T21:49:53-08:00,4,8
resume/index.html,118,html,00000000,Not Committed Yet,2025-11-02,21:49:53,-08:00,2025-11-02T21:49:53-08:00,3,4
resume/index.html,119,html,cd84bd6e,Cheng-I-Lin,2025-10-08,15:14:45,-07:00,2025-10-08T15:14:45-07:00,2,4
resume/index.html,120,html,bfb6ccbf,Cheng-I-Lin,2025-10-11,14:19:54,-07:00,2025-10-11T14:19:54-07:00,2,48
resume/index.html,121,html,00000000,Not Committed Yet,2025-11-02,21:49:53,-08:00,2025-11-02T21:49:53-08:00,1,5
resume/index.html,122,html,00000000,Not Committed Yet,2025-11-02,21:49:53,-08:00,2025-11-02T21:49:53-08:00,0,5
projects/projects.js,1,js,00000000,Not Committed Yet,2025-11-02,21:49:53,-08:00,2025-11-02T21:49:53-08:00,0,55
projects/projects.js,2,js,00000000,Not Committed Yet,2025-11-02,21:49:53,-08:00,2025-11-02T21:49:53-08:00,0,63
projects/projects.js,3,js,00000000,Not Committed Yet,2025-11-02,21:49:53,-08:00,2025-11-02T21:49:53-08:00,0,55
projects/projects.js,4,js,acaa5ed0,Cheng-I-Lin,2025-10-17,19:50:51,-07:00,2025-10-17T19:50:51-07:00,0,0
projects/projects.js,5,js,00000000,Not Committed Yet,2025-11-02,21:49:53,-08:00,2025-11-02T21:49:53-08:00,0,60
projects/projects.js,6,js,00000000,Not Committed Yet,2025-11-02,21:49:53,-08:00,2025-11-02T21:49:53-08:00,0,48
projects/projects.js,7,js,ac5b631d,Cheng-I-Lin,2025-10-26,08:41:18,-07:00,2025-10-26T08:41:18-07:00,0,0
projects/projects.js,8,js,85227784,Cheng-I-Lin,2025-10-26,21:18:20,-07:00,2025-10-26T21:18:20-07:00,0,26
projects/projects.js,9,js,85227784,Cheng-I-Lin,2025-10-26,21:18:20,-07:00,2025-10-26T21:18:20-07:00,1,7
projects/projects.js,10,js,85227784,Cheng-I-Lin,2025-10-26,21:18:20,-07:00,2025-10-26T21:18:20-07:00,1,14
projects/projects.js,11,js,00000000,Not Committed Yet,2025-11-02,21:49:53,-08:00,2025-11-02T21:49:53-08:00,1,11
projects/projects.js,12,js,85227784,Cheng-I-Lin,2025-10-26,21:18:20,-07:00,2025-10-26T21:18:20-07:00,0,0
projects/projects.js,13,js,85227784,Cheng-I-Lin,2025-10-26,21:18:20,-07:00,2025-10-26T21:18:20-07:00,0,0
projects/projects.js,14,js,ac5b631d,Cheng-I-Lin,2025-10-26,08:41:18,-07:00,2025-10-26T08:41:18-07:00,0,57
projects/projects.js,15,js,85227784,Cheng-I-Lin,2025-10-26,21:18:20,-07:00,2025-10-26T21:18:20-07:00,0,44
projects/projects.js,16,js,00000000,Not Committed Yet,2025-11-02,21:49:53,-08:00,2025-11-02T21:49:53-08:00,1,35
projects/projects.js,17,js,85227784,Cheng-I-Lin,2025-10-26,21:18:20,-07:00,2025-10-26T21:18:20-07:00,0,1
projects/projects.js,18,js,85227784,Cheng-I-Lin,2025-10-26,21:18:20,-07:00,2025-10-26T21:18:20-07:00,0,0
projects/projects.js,19,js,ac5b631d,Cheng-I-Lin,2025-10-26,08:41:18,-07:00,2025-10-26T08:41:18-07:00,0,47
projects/projects.js,20,js,ac5b631d,Cheng-I-Lin,2025-10-26,08:41:18,-07:00,2025-10-26T08:41:18-07:00,0,50
projects/projects.js,21,js,ac5b631d,Cheng-I-Lin,2025-10-26,08:41:18,-07:00,2025-10-26T08:41:18-07:00,0,33
projects/projects.js,22,js,ac5b631d,Cheng-I-Lin,2025-10-26,08:41:18,-07:00,2025-10-26T08:41:18-07:00,0,45
projects/projects.js,23,js,ac5b631d,Cheng-I-Lin,2025-10-26,08:41:18,-07:00,2025-10-26T08:41:18-07:00,0,0
projects/projects.js,24,js,ac5b631d,Cheng-I-Lin,2025-10-26,08:41:18,-07:00,2025-10-26T08:41:18-07:00,0,26
projects/projects.js,25,js,00000000,Not Committed Yet,2025-11-02,21:49:53,-08:00,2025-11-02T21:49:53-08:00,1,144
projects/projects.js,26,js,00000000,Not Committed Yet,2025-11-02,21:49:53,-08:00,2025-11-02T21:49:53-08:00,0,1
projects/projects.js,27,js,6d0df56d,Cheng-I-Lin,2025-10-26,21:13:15,-07:00,2025-10-26T21:13:15-07:00,0,0
projects/projects.js,28,js,00000000,Not Committed Yet,2025-11-02,21:49:53,-08:00,2025-11-02T21:49:53-08:00,0,32
projects/projects.js,29,js,6d0df56d,Cheng-I-Lin,2025-10-26,21:13:15,-07:00,2025-10-26T21:13:15-07:00,0,24
projects/projects.js,30,js,6d0df56d,Cheng-I-Lin,2025-10-26,21:13:15,-07:00,2025-10-26T21:13:15-07:00,1,4
projects/projects.js,31,js,00000000,Not Committed Yet,2025-11-02,21:49:53,-08:00,2025-11-02T21:49:53-08:00,2,11
projects/projects.js,32,js,00000000,Not Committed Yet,2025-11-02,21:49:53,-08:00,2025-11-02T21:49:53-08:00,2,93
projects/projects.js,33,js,00000000,Not Committed Yet,2025-11-02,21:49:53,-08:00,2025-11-02T21:49:53-08:00,2,28
projects/projects.js,34,js,00000000,Not Committed Yet,2025-11-02,21:49:53,-08:00,2025-11-02T21:49:53-08:00,2,4
projects/projects.js,35,js,00000000,Not Committed Yet,2025-11-02,21:49:53,-08:00,2025-11-02T21:49:53-08:00,3,82
projects/projects.js,36,js,00000000,Not Committed Yet,2025-11-02,21:49:53,-08:00,2025-11-02T21:49:53-08:00,2,30
projects/projects.js,37,js,2ba7cb94,Cheng-I-Lin,2025-10-26,22:21:29,-07:00,2025-10-26T22:21:29-07:00,0,1
projects/projects.js,38,js,2ba7cb94,Cheng-I-Lin,2025-10-26,22:21:29,-07:00,2025-10-26T22:21:29-07:00,0,0
projects/projects.js,39,js,00000000,Not Committed Yet,2025-11-02,21:49:53,-08:00,2025-11-02T21:49:53-08:00,0,53
projects/projects.js,40,js,00000000,Not Committed Yet,2025-11-02,21:49:53,-08:00,2025-11-02T21:49:53-08:00,0,20
projects/projects.js,41,js,afdfb857,Cheng-I-Lin,2025-10-31,18:19:36,-07:00,2025-10-31T18:19:36-07:00,0,21
projects/projects.js,42,js,afdfb857,Cheng-I-Lin,2025-10-31,18:19:36,-07:00,2025-10-31T18:19:36-07:00,0,0
projects/projects.js,43,js,00000000,Not Committed Yet,2025-11-02,21:49:53,-08:00,2025-11-02T21:49:53-08:00,0,33
projects/projects.js,44,js,00000000,Not Committed Yet,2025-11-02,21:49:53,-08:00,2025-11-02T21:49:53-08:00,1,22
projects/projects.js,45,js,00000000,Not Committed Yet,2025-11-02,21:49:53,-08:00,2025-11-02T21:49:53-08:00,0,0
projects/projects.js,46,js,00000000,Not Committed Yet,2025-11-02,21:49:53,-08:00,2025-11-02T21:49:53-08:00,1,24
projects/projects.js,47,js,00000000,Not Committed Yet,2025-11-02,21:49:53,-08:00,2025-11-02T21:49:53-08:00,2,39
projects/projects.js,48,js,00000000,Not Committed Yet,2025-11-02,21:49:53,-08:00,2025-11-02T21:49:53-08:00,3,59
projects/projects.js,49,js,00000000,Not Committed Yet,2025-11-02,21:49:53,-08:00,2025-11-02T21:49:53-08:00,3,49
projects/projects.js,50,js,00000000,Not Committed Yet,2025-11-02,21:49:53,-08:00,2025-11-02T21:49:53-08:00,2,1
projects/projects.js,51,js,00000000,Not Committed Yet,2025-11-02,21:49:53,-08:00,2025-11-02T21:49:53-08:00,1,0
projects/projects.js,52,js,00000000,Not Committed Yet,2025-11-02,21:49:53,-08:00,2025-11-02T21:49:53-08:00,0,0
projects/projects.js,53,js,00000000,Not Committed Yet,2025-11-02,21:49:53,-08:00,2025-11-02T21:49:53-08:00,1,25
projects/projects.js,54,js,00000000,Not Committed Yet,2025-11-02,21:49:53,-08:00,2025-11-02T21:49:53-08:00,2,42
projects/projects.js,55,js,00000000,Not Committed Yet,2025-11-02,21:49:53,-08:00,2025-11-02T21:49:53-08:00,2,69
projects/projects.js,56,js,00000000,Not Committed Yet,2025-11-02,21:49:53,-08:00,2025-11-02T21:49:53-08:00,1,0
projects/projects.js,57,js,00000000,Not Committed Yet,2025-11-02,21:49:53,-08:00,2025-11-02T21:49:53-08:00,1,14
projects/projects.js,58,js,afdfb857,Cheng-I-Lin,2025-10-31,18:19:36,-07:00,2025-10-31T18:19:36-07:00,0,0
projects/projects.js,59,js,2ba7cb94,Cheng-I-Lin,2025-10-26,22:21:29,-07:00,2025-10-26T22:21:29-07:00,0,0
projects/projects.js,60,js,2ba7cb94,Cheng-I-Lin,2025-10-26,22:21:29,-07:00,2025-10-26T22:21:29-07:00,0,24
projects/projects.js,61,js,00000000,Not Committed Yet,2025-11-02,21:49:53,-08:00,2025-11-02T21:49:53-08:00,1,16
projects/projects.js,62,js,00000000,Not Committed Yet,2025-11-02,21:49:53,-08:00,2025-11-02T21:49:53-08:00,1,51
projects/projects.js,63,js,00000000,Not Committed Yet,2025-11-02,21:49:53,-08:00,2025-11-02T21:49:53-08:00,2,59
projects/projects.js,64,js,00000000,Not Committed Yet,2025-11-02,21:49:53,-08:00,2025-11-02T21:49:53-08:00,2,42
projects/projects.js,65,js,00000000,Not Committed Yet,2025-11-02,21:49:53,-08:00,2025-11-02T21:49:53-08:00,1,1
projects/projects.js,66,js,00000000,Not Committed Yet,2025-11-02,21:49:53,-08:00,2025-11-02T21:49:53-08:00,1,22
projects/projects.js,67,js,00000000,Not Committed Yet,2025-11-02,21:49:53,-08:00,2025-11-02T21:49:53-08:00,0,0
projects/projects.js,68,js,2ba7cb94,Cheng-I-Lin,2025-10-26,22:21:29,-07:00,2025-10-26T22:21:29-07:00,0,0
projects/projects.js,69,js,2ba7cb94,Cheng-I-Lin,2025-10-26,22:21:29,-07:00,2025-10-26T22:21:29-07:00,0,40
projects/projects.js,70,js,2ba7cb94,Cheng-I-Lin,2025-10-26,22:21:29,-07:00,2025-10-26T22:21:29-07:00,0,38
projects/projects.js,71,js,00000000,Not Committed Yet,2025-11-02,21:49:53,-08:00,2025-11-02T21:49:53-08:00,1,25
projects/projects.js,72,js,00000000,Not Committed Yet,2025-11-02,21:49:53,-08:00,2025-11-02T21:49:53-08:00,1,29
projects/projects.js,73,js,00000000,Not Committed Yet,2025-11-02,21:49:53,-08:00,2025-11-02T21:49:53-08:00,2,12
projects/projects.js,74,js,00000000,Not Committed Yet,2025-11-02,21:49:53,-08:00,2025-11-02T21:49:53-08:00,2,14
projects/projects.js,75,js,00000000,Not Committed Yet,2025-11-02,21:49:53,-08:00,2025-11-02T21:49:53-08:00,2,11
projects/projects.js,76,js,00000000,Not Committed Yet,2025-11-02,21:49:53,-08:00,2025-11-02T21:49:53-08:00,1,0
projects/projects.js,77,js,00000000,Not Committed Yet,2025-11-02,21:49:53,-08:00,2025-11-02T21:49:53-08:00,1,18
projects/projects.js,78,js,00000000,Not Committed Yet,2025-11-02,21:49:53,-08:00,2025-11-02T21:49:53-08:00,1,50
projects/projects.js,79,js,00000000,Not Committed Yet,2025-11-02,21:49:53,-08:00,2025-11-02T21:49:53-08:00,2,43
projects/projects.js,80,js,00000000,Not Committed Yet,2025-11-02,21:49:53,-08:00,2025-11-02T21:49:53-08:00,1,1
projects/projects.js,81,js,00000000,Not Committed Yet,2025-11-02,21:49:53,-08:00,2025-11-02T21:49:53-08:00,1,50
projects/projects.js,82,js,00000000,Not Committed Yet,2025-11-02,21:49:53,-08:00,2025-11-02T21:49:53-08:00,1,53
projects/projects.js,83,js,00000000,Not Committed Yet,2025-11-02,21:49:53,-08:00,2025-11-02T21:49:53-08:00,1,42
projects/projects.js,84,js,00000000,Not Committed Yet,2025-11-02,21:49:53,-08:00,2025-11-02T21:49:53-08:00,1,51
projects/projects.js,85,js,00000000,Not Committed Yet,2025-11-02,21:49:53,-08:00,2025-11-02T21:49:53-08:00,1,33
projects/projects.js,86,js,00000000,Not Committed Yet,2025-11-02,21:49:53,-08:00,2025-11-02T21:49:53-08:00,1,28
projects/projects.js,87,js,00000000,Not Committed Yet,2025-11-02,21:49:53,-08:00,2025-11-02T21:49:53-08:00,1,32
projects/projects.js,88,js,00000000,Not Committed Yet,2025-11-02,21:49:53,-08:00,2025-11-02T21:49:53-08:00,1,35
projects/projects.js,89,js,00000000,Not Committed Yet,2025-11-02,21:49:53,-08:00,2025-11-02T21:49:53-08:00,1,33
projects/projects.js,90,js,00000000,Not Committed Yet,2025-11-02,21:49:53,-08:00,2025-11-02T21:49:53-08:00,1,53
projects/projects.js,91,js,00000000,Not Committed Yet,2025-11-02,21:49:53,-08:00,2025-11-02T21:49:53-08:00,1,29
projects/projects.js,92,js,00000000,Not Committed Yet,2025-11-02,21:49:53,-08:00,2025-11-02T21:49:53-08:00,2,14
projects/projects.js,93,js,00000000,Not Committed Yet,2025-11-02,21:49:53,-08:00,2025-11-02T21:49:53-08:00,3,13
projects/projects.js,94,js,00000000,Not Committed Yet,2025-11-02,21:49:53,-08:00,2025-11-02T21:49:53-08:00,3,13
projects/projects.js,95,js,00000000,Not Committed Yet,2025-11-02,21:49:53,-08:00,2025-11-02T21:49:53-08:00,3,24
projects/projects.js,96,js,00000000,Not Committed Yet,2025-11-02,21:49:53,-08:00,2025-11-02T21:49:53-08:00,3,24
projects/projects.js,97,js,00000000,Not Committed Yet,2025-11-02,21:49:53,-08:00,2025-11-02T21:49:53-08:00,4,68
projects/projects.js,98,js,00000000,Not Committed Yet,2025-11-02,21:49:53,-08:00,2025-11-02T21:49:53-08:00,4,38
projects/projects.js,99,js,00000000,Not Committed Yet,2025-11-02,21:49:53,-08:00,2025-11-02T21:49:53-08:00,3,0
projects/projects.js,100,js,00000000,Not Committed Yet,2025-11-02,21:49:53,-08:00,2025-11-02T21:49:53-08:00,3,18
projects/projects.js,101,js,00000000,Not Committed Yet,2025-11-02,21:49:53,-08:00,2025-11-02T21:49:53-08:00,4,49
projects/projects.js,102,js,00000000,Not Committed Yet,2025-11-02,21:49:53,-08:00,2025-11-02T21:49:53-08:00,4,25
projects/projects.js,103,js,00000000,Not Committed Yet,2025-11-02,21:49:53,-08:00,2025-11-02T21:49:53-08:00,5,17
projects/projects.js,104,js,00000000,Not Committed Yet,2025-11-02,21:49:53,-08:00,2025-11-02T21:49:53-08:00,5,38
projects/projects.js,105,js,00000000,Not Committed Yet,2025-11-02,21:49:53,-08:00,2025-11-02T21:49:53-08:00,5,31
projects/projects.js,106,js,00000000,Not Committed Yet,2025-11-02,21:49:53,-08:00,2025-11-02T21:49:53-08:00,4,6
projects/projects.js,107,js,00000000,Not Committed Yet,2025-11-02,21:49:53,-08:00,2025-11-02T21:49:53-08:00,5,47
projects/projects.js,108,js,00000000,Not Committed Yet,2025-11-02,21:49:53,-08:00,2025-11-02T21:49:53-08:00,4,0
projects/projects.js,109,js,00000000,Not Committed Yet,2025-11-02,21:49:53,-08:00,2025-11-02T21:49:53-08:00,4,43
projects/projects.js,110,js,00000000,Not Committed Yet,2025-11-02,21:49:53,-08:00,2025-11-02T21:49:53-08:00,5,68
projects/projects.js,111,js,00000000,Not Committed Yet,2025-11-02,21:49:53,-08:00,2025-11-02T21:49:53-08:00,5,37
projects/projects.js,112,js,00000000,Not Committed Yet,2025-11-02,21:49:53,-08:00,2025-11-02T21:49:53-08:00,4,0
projects/projects.js,113,js,00000000,Not Committed Yet,2025-11-02,21:49:53,-08:00,2025-11-02T21:49:53-08:00,4,44
projects/projects.js,114,js,00000000,Not Committed Yet,2025-11-02,21:49:53,-08:00,2025-11-02T21:49:53-08:00,5,65
projects/projects.js,115,js,00000000,Not Committed Yet,2025-11-02,21:49:53,-08:00,2025-11-02T21:49:53-08:00,5,60
projects/projects.js,116,js,00000000,Not Committed Yet,2025-11-02,21:49:53,-08:00,2025-11-02T21:49:53-08:00,4,0
projects/projects.js,117,js,00000000,Not Committed Yet,2025-11-02,21:49:53,-08:00,2025-11-02T21:49:53-08:00,4,25
projects/projects.js,118,js,00000000,Not Committed Yet,2025-11-02,21:49:53,-08:00,2025-11-02T21:49:53-08:00,5,38
projects/projects.js,119,js,00000000,Not Committed Yet,2025-11-02,21:49:53,-08:00,2025-11-02T21:49:53-08:00,5,56
projects/projects.js,120,js,00000000,Not Committed Yet,2025-11-02,21:49:53,-08:00,2025-11-02T21:49:53-08:00,4,6
projects/projects.js,121,js,00000000,Not Committed Yet,2025-11-02,21:49:53,-08:00,2025-11-02T21:49:53-08:00,5,52
projects/projects.js,122,js,00000000,Not Committed Yet,2025-11-02,21:49:53,-08:00,2025-11-02T21:49:53-08:00,5,31
projects/projects.js,123,js,00000000,Not Committed Yet,2025-11-02,21:49:53,-08:00,2025-11-02T21:49:53-08:00,5,45
projects/projects.js,124,js,00000000,Not Committed Yet,2025-11-02,21:49:53,-08:00,2025-11-02T21:49:53-08:00,5,81
projects/projects.js,125,js,00000000,Not Committed Yet,2025-11-02,21:49:53,-08:00,2025-11-02T21:49:53-08:00,5,45
projects/projects.js,126,js,00000000,Not Committed Yet,2025-11-02,21:49:53,-08:00,2025-11-02T21:49:53-08:00,5,56
projects/projects.js,127,js,00000000,Not Committed Yet,2025-11-02,21:49:53,-08:00,2025-11-02T21:49:53-08:00,4,0
projects/projects.js,128,js,00000000,Not Committed Yet,2025-11-02,21:49:53,-08:00,2025-11-02T21:49:53-08:00,3,1
projects/projects.js,129,js,00000000,Not Committed Yet,2025-11-02,21:49:53,-08:00,2025-11-02T21:49:53-08:00,1,1
projects/projects.js,130,js,00000000,Not Committed Yet,2025-11-02,21:49:53,-08:00,2025-11-02T21:49:53-08:00,1,27
projects/projects.js,131,js,00000000,Not Committed Yet,2025-11-02,21:49:53,-08:00,2025-11-02T21:49:53-08:00,2,4
projects/projects.js,132,js,00000000,Not Committed Yet,2025-11-02,21:49:53,-08:00,2025-11-02T21:49:53-08:00,3,11
projects/projects.js,133,js,00000000,Not Committed Yet,2025-11-02,21:49:53,-08:00,2025-11-02T21:49:53-08:00,3,38
projects/projects.js,134,js,00000000,Not Committed Yet,2025-11-02,21:49:53,-08:00,2025-11-02T21:49:53-08:00,3,28
projects/projects.js,135,js,00000000,Not Committed Yet,2025-11-02,21:49:53,-08:00,2025-11-02T21:49:53-08:00,3,4
projects/projects.js,136,js,00000000,Not Committed Yet,2025-11-02,21:49:53,-08:00,2025-11-02T21:49:53-08:00,4,82
projects/projects.js,137,js,00000000,Not Committed Yet,2025-11-02,21:49:53,-08:00,2025-11-02T21:49:53-08:00,3,0
projects/projects.js,138,js,00000000,Not Committed Yet,2025-11-02,21:49:53,-08:00,2025-11-02T21:49:53-08:00,1,1
projects/projects.js,139,js,2ba7cb94,Cheng-I-Lin,2025-10-26,22:21:29,-07:00,2025-10-26T22:21:29-07:00,0,0
projects/projects.js,140,js,00000000,Not Committed Yet,2025-11-02,21:49:53,-08:00,2025-11-02T21:49:53-08:00,0,0
projects/projects.js,141,js,2ba7cb94,Cheng-I-Lin,2025-10-26,22:21:29,-07:00,2025-10-26T22:21:29-07:00,0,32
projects/projects.js,142,js,2ba7cb94,Cheng-I-Lin,2025-10-26,22:21:29,-07:00,2025-10-26T22:21:29-07:00,0,23
projects/projects.js,143,js,2ba7cb94,Cheng-I-Lin,2025-10-26,22:21:29,-07:00,2025-10-26T22:21:29-07:00,0,0
projects/projects.js,144,js,00000000,Not Committed Yet,2025-11-02,21:49:53,-08:00,2025-11-02T21:49:53-08:00,0,48
projects/projects.js,145,js,afdfb857,Cheng-I-Lin,2025-10-31,18:19:36,-07:00,2025-10-31T18:19:36-07:00,1,32
projects/projects.js,146,js,afdfb857,Cheng-I-Lin,2025-10-31,18:19:36,-07:00,2025-10-31T18:19:36-07:00,1,38
projects/projects.js,147,js,2ba7cb94,Cheng-I-Lin,2025-10-26,22:21:29,-07:00,2025-10-26T22:21:29-07:00,1,52
projects/projects.js,148,js,00000000,Not Committed Yet,2025-11-02,21:49:53,-08:00,2025-11-02T21:49:53-08:00,1,56
projects/projects.js,149,js,2ba7cb94,Cheng-I-Lin,2025-10-26,22:21:29,-07:00,2025-10-26T22:21:29-07:00,1,31
projects/projects.js,150,js,bd5a26c1,Cheng-I-Lin,2025-10-27,21:05:13,-07:00,2025-10-27T21:05:13-07:00,0,1
projects/projects.js,151,js,bd5a26c1,Cheng-I-Lin,2025-10-27,21:05:13,-07:00,2025-10-27T21:05:13-07:00,0,0
projects/projects.js,152,js,00000000,Not Committed Yet,2025-11-02,21:49:53,-08:00,2025-11-02T21:49:53-08:00,0,25
projects/projects.js,153,js,00000000,Not Committed Yet,2025-11-02,21:49:53,-08:00,2025-11-02T21:49:53-08:00,0,29
projects/projects.js,154,js,00000000,Not Committed Yet,2025-11-02,21:49:53,-08:00,2025-11-02T21:49:53-08:00,0,24
projects/projects.js,155,js,00000000,Not Committed Yet,2025-11-02,21:49:53,-08:00,2025-11-02T21:49:53-08:00,1,1
projects/projects.js,156,js,00000000,Not Committed Yet,2025-11-02,21:49:53,-08:00,2025-11-02T21:49:53-08:00,2,13
projects/projects.js,157,js,00000000,Not Committed Yet,2025-11-02,21:49:53,-08:00,2025-11-02T21:49:53-08:00,2,13
projects/projects.js,158,js,00000000,Not Committed Yet,2025-11-02,21:49:53,-08:00,2025-11-02T21:49:53-08:00,2,22
projects/projects.js,159,js,00000000,Not Committed Yet,2025-11-02,21:49:53,-08:00,2025-11-02T21:49:53-08:00,2,18
projects/projects.js,160,js,00000000,Not Committed Yet,2025-11-02,21:49:53,-08:00,2025-11-02T21:49:53-08:00,3,49
projects/projects.js,161,js,00000000,Not Committed Yet,2025-11-02,21:49:53,-08:00,2025-11-02T21:49:53-08:00,3,43
projects/projects.js,162,js,00000000,Not Committed Yet,2025-11-02,21:49:53,-08:00,2025-11-02T21:49:53-08:00,3,45
projects/projects.js,163,js,00000000,Not Committed Yet,2025-11-02,21:49:53,-08:00,2025-11-02T21:49:53-08:00,4,68
projects/projects.js,164,js,00000000,Not Committed Yet,2025-11-02,21:49:53,-08:00,2025-11-02T21:49:53-08:00,4,39
projects/projects.js,165,js,00000000,Not Committed Yet,2025-11-02,21:49:53,-08:00,2025-11-02T21:49:53-08:00,3,0
projects/projects.js,166,js,00000000,Not Committed Yet,2025-11-02,21:49:53,-08:00,2025-11-02T21:49:53-08:00,3,46
projects/projects.js,167,js,00000000,Not Committed Yet,2025-11-02,21:49:53,-08:00,2025-11-02T21:49:53-08:00,4,65
projects/projects.js,168,js,00000000,Not Committed Yet,2025-11-02,21:49:53,-08:00,2025-11-02T21:49:53-08:00,4,62
projects/projects.js,169,js,00000000,Not Committed Yet,2025-11-02,21:49:53,-08:00,2025-11-02T21:49:53-08:00,3,0
projects/projects.js,170,js,00000000,Not Committed Yet,2025-11-02,21:49:53,-08:00,2025-11-02T21:49:53-08:00,3,25
projects/projects.js,171,js,00000000,Not Committed Yet,2025-11-02,21:49:53,-08:00,2025-11-02T21:49:53-08:00,4,48
projects/projects.js,172,js,00000000,Not Committed Yet,2025-11-02,21:49:53,-08:00,2025-11-02T21:49:53-08:00,3,6
projects/projects.js,173,js,00000000,Not Committed Yet,2025-11-02,21:49:53,-08:00,2025-11-02T21:49:53-08:00,4,52
projects/projects.js,174,js,00000000,Not Committed Yet,2025-11-02,21:49:53,-08:00,2025-11-02T21:49:53-08:00,4,31
projects/projects.js,175,js,00000000,Not Committed Yet,2025-11-02,21:49:53,-08:00,2025-11-02T21:49:53-08:00,4,45
projects/projects.js,176,js,00000000,Not Committed Yet,2025-11-02,21:49:53,-08:00,2025-11-02T21:49:53-08:00,4,81
projects/projects.js,177,js,00000000,Not Committed Yet,2025-11-02,21:49:53,-08:00,2025-11-02T21:49:53-08:00,4,38
projects/projects.js,178,js,00000000,Not Committed Yet,2025-11-02,21:49:53,-08:00,2025-11-02T21:49:53-08:00,4,56
projects/projects.js,179,js,00000000,Not Committed Yet,2025-11-02,21:49:53,-08:00,2025-11-02T21:49:53-08:00,3,0
projects/projects.js,180,js,bd5a26c1,Cheng-I-Lin,2025-10-27,21:05:13,-07:00,2025-10-27T21:05:13-07:00,2,1
projects/projects.js,181,js,00000000,Not Committed Yet,2025-11-02,21:49:53,-08:00,2025-11-02T21:49:53-08:00,0,1
projects/index.html,1,html,384d02a9,Cheng-I-Lin,2025-09-28,20:22:29,-07:00,2025-09-28T20:22:29-07:00,0,13
projects/index.html,2,html,384d02a9,Cheng-I-Lin,2025-09-28,20:22:29,-07:00,2025-09-28T20:22:29-07:00,0,14
projects/index.html,3,html,00000000,Not Committed Yet,2025-11-02,21:49:53,-08:00,2025-11-02T21:49:53-08:00,1,4
projects/index.html,4,html,00000000,Not Committed Yet,2025-11-02,21:49:53,-08:00,2025-11-02T21:49:53-08:00,2,22
projects/index.html,5,html,00000000,Not Committed Yet,2025-11-02,21:49:53,-08:00,2025-11-02T21:49:53-08:00,2,70
projects/index.html,6,html,d2df842d,Cheng-I-Lin,2025-10-01,13:56:42,-07:00,2025-10-01T13:56:42-07:00,2,21
projects/index.html,7,html,00000000,Not Committed Yet,2025-11-02,21:49:53,-08:00,2025-11-02T21:49:53-08:00,2,43
projects/index.html,8,html,00000000,Not Committed Yet,2025-11-02,21:49:53,-08:00,2025-11-02T21:49:53-08:00,1,5
projects/index.html,9,html,00000000,Not Committed Yet,2025-11-02,21:49:53,-08:00,2025-11-02T21:49:53-08:00,1,4
projects/index.html,10,html,91a60c18,Cheng-I-Lin,2025-10-11,15:47:16,-07:00,2025-10-11T15:47:16-07:00,2,2
projects/index.html,11,html,384d02a9,Cheng-I-Lin,2025-09-28,20:22:29,-07:00,2025-09-28T20:22:29-07:00,2,3
projects/index.html,12,html,957cf735,Cheng-I-Lin,2025-09-28,20:42:29,-07:00,2025-09-28T20:42:29-07:00,4,30
projects/index.html,13,html,d2df842d,Cheng-I-Lin,2025-10-01,13:56:42,-07:00,2025-10-01T13:56:42-07:00,4,39
projects/index.html,14,html,db832d03,Cheng-I-Lin,2025-10-11,15:27:14,-07:00,2025-10-11T15:27:14-07:00,4,43
projects/index.html,15,html,957cf735,Cheng-I-Lin,2025-09-28,20:42:29,-07:00,2025-09-28T20:42:29-07:00,4,41
projects/index.html,16,html,4915c6f2,Cheng-I-Lin,2025-10-08,15:40:54,-07:00,2025-10-08T15:40:54-07:00,4,65
projects/index.html,17,html,384d02a9,Cheng-I-Lin,2025-09-28,20:22:29,-07:00,2025-09-28T20:22:29-07:00,2,4
projects/index.html,18,html,91a60c18,Cheng-I-Lin,2025-10-11,15:47:16,-07:00,2025-10-11T15:47:16-07:00,2,1
projects/index.html,19,html,92f12387,Cheng-I-Lin,2025-10-17,20:16:34,-07:00,2025-10-17T20:16:34-07:00,2,38
projects/index.html,20,html,6d0df56d,Cheng-I-Lin,2025-10-26,21:13:15,-07:00,2025-10-26T21:13:15-07:00,2,21
projects/index.html,21,html,00000000,Not Committed Yet,2025-11-02,21:49:53,-08:00,2025-11-02T21:49:53-08:00,3,54
projects/index.html,22,html,00000000,Not Committed Yet,2025-11-02,21:49:53,-08:00,2025-11-02T21:49:53-08:00,3,22
projects/index.html,23,html,6d0df56d,Cheng-I-Lin,2025-10-26,21:13:15,-07:00,2025-10-26T21:13:15-07:00,2,4
projects/index.html,24,html,2ba7cb94,Cheng-I-Lin,2025-10-26,22:21:29,-07:00,2025-10-26T22:21:29-07:00,2,4
projects/index.html,25,html,00000000,Not Committed Yet,2025-11-02,21:49:53,-08:00,2025-11-02T21:49:53-08:00,3,15
projects/index.html,26,html,00000000,Not Committed Yet,2025-11-02,21:49:53,-08:00,2025-11-02T21:49:53-08:00,3,11
projects/index.html,27,html,00000000,Not Committed Yet,2025-11-02,21:49:53,-08:00,2025-11-02T21:49:53-08:00,3,26
projects/index.html,28,html,00000000,Not Committed Yet,2025-11-02,21:49:53,-08:00,2025-11-02T21:49:53-08:00,3,31
projects/index.html,29,html,2ba7cb94,Cheng-I-Lin,2025-10-26,22:21:29,-07:00,2025-10-26T22:21:29-07:00,2,0
projects/index.html,30,html,66173361,Cheng-I-Lin,2025-10-04,19:47:43,-07:00,2025-10-04T19:47:43-07:00,2,20
projects/index.html,31,html,00000000,Not Committed Yet,2025-11-02,21:49:53,-08:00,2025-11-02T21:49:53-08:00,3,2
projects/index.html,32,html,66173361,Cheng-I-Lin,2025-10-04,19:47:43,-07:00,2025-10-04T19:47:43-07:00,4,7
projects/index.html,33,html,66173361,Cheng-I-Lin,2025-10-04,19:47:43,-07:00,2025-10-04T19:47:43-07:00,6,29
projects/index.html,34,html,66173361,Cheng-I-Lin,2025-10-04,19:47:43,-07:00,2025-10-04T19:47:43-07:00,6,70
projects/index.html,35,html,66173361,Cheng-I-Lin,2025-10-04,19:47:43,-07:00,2025-10-04T19:47:43-07:00,6,237
projects/index.html,36,html,66173361,Cheng-I-Lin,2025-10-04,19:47:43,-07:00,2025-10-04T19:47:43-07:00,4,8
projects/index.html,37,html,66173361,Cheng-I-Lin,2025-10-04,19:47:43,-07:00,2025-10-04T19:47:43-07:00,4,7
projects/index.html,38,html,66173361,Cheng-I-Lin,2025-10-04,19:47:43,-07:00,2025-10-04T19:47:43-07:00,6,33
projects/index.html,39,html,66173361,Cheng-I-Lin,2025-10-04,19:47:43,-07:00,2025-10-04T19:47:43-07:00,6,70
projects/index.html,40,html,66173361,Cheng-I-Lin,2025-10-04,19:47:43,-07:00,2025-10-04T19:47:43-07:00,6,231
projects/index.html,41,html,66173361,Cheng-I-Lin,2025-10-04,19:47:43,-07:00,2025-10-04T19:47:43-07:00,4,8
projects/index.html,42,html,66173361,Cheng-I-Lin,2025-10-04,19:47:43,-07:00,2025-10-04T19:47:43-07:00,4,7
projects/index.html,43,html,66173361,Cheng-I-Lin,2025-10-04,19:47:43,-07:00,2025-10-04T19:47:43-07:00,6,38
projects/index.html,44,html,66173361,Cheng-I-Lin,2025-10-04,19:47:43,-07:00,2025-10-04T19:47:43-07:00,6,70
projects/index.html,45,html,66173361,Cheng-I-Lin,2025-10-04,19:47:43,-07:00,2025-10-04T19:47:43-07:00,6,239
projects/index.html,46,html,66173361,Cheng-I-Lin,2025-10-04,19:47:43,-07:00,2025-10-04T19:47:43-07:00,4,8
projects/index.html,47,html,66173361,Cheng-I-Lin,2025-10-04,19:47:43,-07:00,2025-10-04T19:47:43-07:00,4,7
projects/index.html,48,html,66173361,Cheng-I-Lin,2025-10-04,19:47:43,-07:00,2025-10-04T19:47:43-07:00,6,32
projects/index.html,49,html,66173361,Cheng-I-Lin,2025-10-04,19:47:43,-07:00,2025-10-04T19:47:43-07:00,6,70
projects/index.html,50,html,66173361,Cheng-I-Lin,2025-10-04,19:47:43,-07:00,2025-10-04T19:47:43-07:00,6,273
projects/index.html,51,html,66173361,Cheng-I-Lin,2025-10-04,19:47:43,-07:00,2025-10-04T19:47:43-07:00,4,8
projects/index.html,52,html,66173361,Cheng-I-Lin,2025-10-04,19:47:43,-07:00,2025-10-04T19:47:43-07:00,4,7
projects/index.html,53,html,66173361,Cheng-I-Lin,2025-10-04,19:47:43,-07:00,2025-10-04T19:47:43-07:00,6,41
projects/index.html,54,html,66173361,Cheng-I-Lin,2025-10-04,19:47:43,-07:00,2025-10-04T19:47:43-07:00,6,70
projects/index.html,55,html,66173361,Cheng-I-Lin,2025-10-04,19:47:43,-07:00,2025-10-04T19:47:43-07:00,6,237
projects/index.html,56,html,66173361,Cheng-I-Lin,2025-10-04,19:47:43,-07:00,2025-10-04T19:47:43-07:00,4,8
projects/index.html,57,html,66173361,Cheng-I-Lin,2025-10-04,19:47:43,-07:00,2025-10-04T19:47:43-07:00,4,7
projects/index.html,58,html,66173361,Cheng-I-Lin,2025-10-04,19:47:43,-07:00,2025-10-04T19:47:43-07:00,6,31
projects/index.html,59,html,66173361,Cheng-I-Lin,2025-10-04,19:47:43,-07:00,2025-10-04T19:47:43-07:00,6,70
projects/index.html,60,html,66173361,Cheng-I-Lin,2025-10-04,19:47:43,-07:00,2025-10-04T19:47:43-07:00,6,254
projects/index.html,61,html,66173361,Cheng-I-Lin,2025-10-04,19:47:43,-07:00,2025-10-04T19:47:43-07:00,4,8
projects/index.html,62,html,66173361,Cheng-I-Lin,2025-10-04,19:47:43,-07:00,2025-10-04T19:47:43-07:00,4,7
projects/index.html,63,html,66173361,Cheng-I-Lin,2025-10-04,19:47:43,-07:00,2025-10-04T19:47:43-07:00,6,29
projects/index.html,64,html,66173361,Cheng-I-Lin,2025-10-04,19:47:43,-07:00,2025-10-04T19:47:43-07:00,6,70
projects/index.html,65,html,66173361,Cheng-I-Lin,2025-10-04,19:47:43,-07:00,2025-10-04T19:47:43-07:00,6,244
projects/index.html,66,html,66173361,Cheng-I-Lin,2025-10-04,19:47:43,-07:00,2025-10-04T19:47:43-07:00,4,8
projects/index.html,67,html,66173361,Cheng-I-Lin,2025-10-04,19:47:43,-07:00,2025-10-04T19:47:43-07:00,4,7
projects/index.html,68,html,66173361,Cheng-I-Lin,2025-10-04,19:47:43,-07:00,2025-10-04T19:47:43-07:00,6,41
projects/index.html,69,html,66173361,Cheng-I-Lin,2025-10-04,19:47:43,-07:00,2025-10-04T19:47:43-07:00,6,70
projects/index.html,70,html,66173361,Cheng-I-Lin,2025-10-04,19:47:43,-07:00,2025-10-04T19:47:43-07:00,6,213
projects/index.html,71,html,66173361,Cheng-I-Lin,2025-10-04,19:47:43,-07:00,2025-10-04T19:47:43-07:00,4,8
projects/index.html,72,html,66173361,Cheng-I-Lin,2025-10-04,19:47:43,-07:00,2025-10-04T19:47:43-07:00,4,7
projects/index.html,73,html,66173361,Cheng-I-Lin,2025-10-04,19:47:43,-07:00,2025-10-04T19:47:43-07:00,6,46
projects/index.html,74,html,66173361,Cheng-I-Lin,2025-10-04,19:47:43,-07:00,2025-10-04T19:47:43-07:00,6,70
projects/index.html,75,html,66173361,Cheng-I-Lin,2025-10-04,19:47:43,-07:00,2025-10-04T19:47:43-07:00,6,235
projects/index.html,76,html,66173361,Cheng-I-Lin,2025-10-04,19:47:43,-07:00,2025-10-04T19:47:43-07:00,4,8
projects/index.html,77,html,66173361,Cheng-I-Lin,2025-10-04,19:47:43,-07:00,2025-10-04T19:47:43-07:00,4,7
projects/index.html,78,html,66173361,Cheng-I-Lin,2025-10-04,19:47:43,-07:00,2025-10-04T19:47:43-07:00,6,37
projects/index.html,79,html,66173361,Cheng-I-Lin,2025-10-04,19:47:43,-07:00,2025-10-04T19:47:43-07:00,6,70
projects/index.html,80,html,66173361,Cheng-I-Lin,2025-10-04,19:47:43,-07:00,2025-10-04T19:47:43-07:00,6,231
projects/index.html,81,html,66173361,Cheng-I-Lin,2025-10-04,19:47:43,-07:00,2025-10-04T19:47:43-07:00,4,8
projects/index.html,82,html,66173361,Cheng-I-Lin,2025-10-04,19:47:43,-07:00,2025-10-04T19:47:43-07:00,4,7
projects/index.html,83,html,66173361,Cheng-I-Lin,2025-10-04,19:47:43,-07:00,2025-10-04T19:47:43-07:00,6,34
projects/index.html,84,html,66173361,Cheng-I-Lin,2025-10-04,19:47:43,-07:00,2025-10-04T19:47:43-07:00,6,70
projects/index.html,85,html,66173361,Cheng-I-Lin,2025-10-04,19:47:43,-07:00,2025-10-04T19:47:43-07:00,6,215
projects/index.html,86,html,66173361,Cheng-I-Lin,2025-10-04,19:47:43,-07:00,2025-10-04T19:47:43-07:00,4,8
projects/index.html,87,html,66173361,Cheng-I-Lin,2025-10-04,19:47:43,-07:00,2025-10-04T19:47:43-07:00,4,7
projects/index.html,88,html,66173361,Cheng-I-Lin,2025-10-04,19:47:43,-07:00,2025-10-04T19:47:43-07:00,6,26
projects/index.html,89,html,66173361,Cheng-I-Lin,2025-10-04,19:47:43,-07:00,2025-10-04T19:47:43-07:00,6,70
projects/index.html,90,html,66173361,Cheng-I-Lin,2025-10-04,19:47:43,-07:00,2025-10-04T19:47:43-07:00,6,231
projects/index.html,91,html,acaa5ed0,Cheng-I-Lin,2025-10-17,19:50:51,-07:00,2025-10-17T19:50:51-07:00,4,11
projects/index.html,92,html,66173361,Cheng-I-Lin,2025-10-04,19:47:43,-07:00,2025-10-04T19:47:43-07:00,2,4
projects/index.html,93,html,bfb6ccbf,Cheng-I-Lin,2025-10-11,14:19:54,-07:00,2025-10-11T14:19:54-07:00,2,48
projects/index.html,94,html,acaa5ed0,Cheng-I-Lin,2025-10-17,19:50:51,-07:00,2025-10-17T19:50:51-07:00,2,47
projects/index.html,95,html,00000000,Not Committed Yet,2025-11-02,21:49:53,-08:00,2025-11-02T21:49:53-08:00,1,5
projects/index.html,96,html,00000000,Not Committed Yet,2025-11-02,21:49:53,-08:00,2025-11-02T21:49:53-08:00,0,5
contact/index.html,1,html,384d02a9,Cheng-I-Lin,2025-09-28,20:22:29,-07:00,2025-09-28T20:22:29-07:00,0,13
contact/index.html,2,html,384d02a9,Cheng-I-Lin,2025-09-28,20:22:29,-07:00,2025-09-28T20:22:29-07:00,0,14
contact/index.html,3,html,00000000,Not Committed Yet,2025-11-02,21:49:53,-08:00,2025-11-02T21:49:53-08:00,1,4
contact/index.html,4,html,00000000,Not Committed Yet,2025-11-02,21:49:53,-08:00,2025-11-02T21:49:53-08:00,2,22
contact/index.html,5,html,00000000,Not Committed Yet,2025-11-02,21:49:53,-08:00,2025-11-02T21:49:53-08:00,2,70
contact/index.html,6,html,d2df842d,Cheng-I-Lin,2025-10-01,13:56:42,-07:00,2025-10-01T13:56:42-07:00,2,20
contact/index.html,7,html,00000000,Not Committed Yet,2025-11-02,21:49:53,-08:00,2025-11-02T21:49:53-08:00,2,43
contact/index.html,8,html,00000000,Not Committed Yet,2025-11-02,21:49:53,-08:00,2025-11-02T21:49:53-08:00,1,5
contact/index.html,9,html,00000000,Not Committed Yet,2025-11-02,21:49:53,-08:00,2025-11-02T21:49:53-08:00,1,4
contact/index.html,10,html,91a60c18,Cheng-I-Lin,2025-10-11,15:47:16,-07:00,2025-10-11T15:47:16-07:00,2,2
contact/index.html,11,html,384d02a9,Cheng-I-Lin,2025-09-28,20:22:29,-07:00,2025-09-28T20:22:29-07:00,2,3
contact/index.html,12,html,957cf735,Cheng-I-Lin,2025-09-28,20:42:29,-07:00,2025-09-28T20:42:29-07:00,4,30
contact/index.html,13,html,d2df842d,Cheng-I-Lin,2025-10-01,13:56:42,-07:00,2025-10-01T13:56:42-07:00,4,39
contact/index.html,14,html,957cf735,Cheng-I-Lin,2025-09-28,20:42:29,-07:00,2025-09-28T20:42:29-07:00,4,43
contact/index.html,15,html,db832d03,Cheng-I-Lin,2025-10-11,15:27:14,-07:00,2025-10-11T15:27:14-07:00,4,41
contact/index.html,16,html,4915c6f2,Cheng-I-Lin,2025-10-08,15:40:54,-07:00,2025-10-08T15:40:54-07:00,4,65
contact/index.html,17,html,384d02a9,Cheng-I-Lin,2025-09-28,20:22:29,-07:00,2025-09-28T20:22:29-07:00,2,4
contact/index.html,18,html,91a60c18,Cheng-I-Lin,2025-10-11,15:47:16,-07:00,2025-10-11T15:47:16-07:00,2,1
contact/index.html,19,html,d2df842d,Cheng-I-Lin,2025-10-01,13:56:42,-07:00,2025-10-01T13:56:42-07:00,2,14
contact/index.html,20,html,3f29185d,Cheng-I-Lin,2025-10-15,19:42:19,-07:00,2025-10-15T19:42:19-07:00,2,49
contact/index.html,21,html,00000000,Not Committed Yet,2025-11-02,21:49:53,-08:00,2025-11-02T21:49:53-08:00,3,2
contact/index.html,22,html,a9490e18,Cheng-I-Lin,2025-09-29,11:42:13,-07:00,2025-09-29T11:42:13-07:00,4,6
contact/index.html,23,html,c873596a,Cheng-I-Lin,2025-10-04,16:46:59,-07:00,2025-10-04T16:46:59-07:00,6,62
contact/index.html,24,html,a9490e18,Cheng-I-Lin,2025-09-29,11:42:13,-07:00,2025-09-29T11:42:13-07:00,4,6
contact/index.html,25,html,3f29185d,Cheng-I-Lin,2025-10-15,19:42:19,-07:00,2025-10-15T19:42:19-07:00,4,1
contact/index.html,26,html,00000000,Not Committed Yet,2025-11-02,21:49:53,-08:00,2025-11-02T21:49:53-08:00,3,62
contact/index.html,27,html,00000000,Not Committed Yet,2025-11-02,21:49:53,-08:00,2025-11-02T21:49:53-08:00,3,57
contact/index.html,28,html,00000000,Not Committed Yet,2025-11-02,21:49:53,-08:00,2025-11-02T21:49:53-08:00,3,21
contact/index.html,29,html,a9490e18,Cheng-I-Lin,2025-09-29,11:42:13,-07:00,2025-09-29T11:42:13-07:00,2,5
contact/index.html,30,html,bfb6ccbf,Cheng-I-Lin,2025-10-11,14:19:54,-07:00,2025-10-11T14:19:54-07:00,2,48
contact/index.html,31,html,00000000,Not Committed Yet,2025-11-02,21:49:53,-08:00,2025-11-02T21:49:53-08:00,1,5
contact/index.html,32,html,00000000,Not Committed Yet,2025-11-02,21:49:53,-08:00,2025-11-02T21:49:53-08:00,0,5
